incident_id,datetime,date,time,area,system,type_incident,duration_minutes,impact_brl,severity,status,recurrence_count,customer_id,latitude,longitude,year_month,significant_loss,month,year
INC00001,2024-09-30,2024-09-30,14:11:00,Fraudes,Payment Gateway,Fraude,347,18753.05,Média,Aberto,4,CUST6122,-33.89911681565773,-51.16626071687512,2024-09,0,9,2024
INC00002,2025-11-25,2025-11-25,15:23:00,Canais Digitais,Mobile App,Erro,467,2430.54,Baixa,Fechado,3,CUST9153,-33.8809616728939,-51.18771600211429,2025-11,0,11,2025
INC00003,2025-06-18,2025-06-18,18:07:00,Pagamentos,Atm Network,Erro,229,22546.64,Baixa,Resolvido,1,CUST1973,-33.80590538067293,-51.19153573927878,2025-06,0,6,2025
INC00004,2025-03-13,2025-03-13,20:16:00,Pagamentos,Web Portal,Degradação,409,19322.59,Baixa,Em Análise,4,CUST5270,-33.847885109449486,-51.19535039603088,2025-03,0,3,2025
INC00005,2024-04-23,2024-04-23,22:36:00,Canais Digitais,Core Banking,Indisponibilidade,317,31158.3,Baixa,Aberto,2,CUST2408,-33.800277279537084,-51.18890437389657,2024-04,0,4,2024
INC00006,2024-04-23,2024-04-23,21:15:00,Canais Digitais,Atm Network,Fraude,107,6281.31,Baixa,Resolvido,1,CUST3288,-33.847518324963524,-51.16562929078644,2024-04,0,4,2024
INC00007,2024-02-12,2024-02-12,05:07:00,Pagamentos,Core Banking,Indisponibilidade,411,40043.36,Baixa,Em Análise,2,CUST9738,-33.84560635877097,-51.1406128194217,2024-02,1,2,2024
INC00008,2025-09-24,2025-09-24,17:24:00,Investimentos,Atm Network,Roubo,351,18424.96,Baixa,Resolvido,2,CUST2218,-33.86081569870672,-51.18118530727906,2025-09,0,9,2025
INC00009,2025-03-14,2025-03-14,11:14:00,Cartões,Atm Network,Indisponibilidade,305,15679.92,Média,Em Análise,2,CUST2420,-33.86899595812686,-51.111199115399735,2025-03,0,3,2025
INC00010,2025-05-31,2025-05-31,08:44:00,Cartões,Payment Gateway,Indisponibilidade,432,41368.59,Média,Em Análise,1,CUST4377,-33.874845444686706,-51.11916175687605,2025-05,1,5,2025
INC00011,2024-01-16,2024-01-16,14:31:00,Canais Digitais,Web Portal,Erro,470,33877.39,Média,Em Análise,4,CUST8501,-33.86565793838693,-51.14794728871909,2024-01,0,1,2024
INC00012,2025-12-09,2025-12-09,09:15:00,Crédito,Web Portal,Fraude,92,33439.54,Média,Em Análise,0,CUST5098,-33.854014891909955,-51.127579016918666,2025-12,0,12,2025
INC00013,2025-08-30,2025-08-30,06:16:00,Canais Digitais,Atm Network,Indisponibilidade,375,8049.38,Alta,Resolvido,4,CUST3738,-33.88080080497692,-51.16336714753013,2025-08,0,8,2025
INC00014,2024-06-04,2024-06-04,22:25:00,Canais Digitais,Mobile App,Erro,307,25390.55,Média,Resolvido,1,CUST8619,-33.87751249081943,-51.19632222072669,2024-06,0,6,2024
INC00015,2024-05-12,2024-05-12,20:21:00,Cartões,Mobile App,Degradação,172,3431.18,Média,Fechado,0,CUST2842,-33.87284552313315,-51.10956671524675,2024-05,0,5,2024
INC00016,2024-05-13,2024-05-13,06:13:00,Pagamentos,Core Banking,Erro,439,9489.18,Baixa,Resolvido,0,CUST9938,-33.85507401080692,-51.18722065117422,2024-05,0,5,2024
INC00017,2024-08-10,2024-08-10,14:52:00,Canais Digitais,Core Banking,Erro,174,10140.86,Alta,Resolvido,0,CUST3816,-33.834718663318576,-51.10520626536204,2024-08,0,8,2024
INC00018,2025-01-18,2025-01-18,06:08:00,Pagamentos,Payment Gateway,Erro,139,28589.78,Baixa,Fechado,3,CUST1494,-33.81438538497137,-51.14281174117339,2025-01,0,1,2025
INC00019,2024-11-11,2024-11-11,18:47:00,Pagamentos,Atm Network,Indisponibilidade,54,36687.16,Baixa,Resolvido,1,CUST7560,-33.871286816281284,-51.16944369389786,2024-11,0,11,2024
INC00020,2024-07-31,2024-07-31,07:49:00,Crédito,Core Banking,Indisponibilidade,436,16950.75,Média,Em Análise,3,CUST6510,-33.88162716596585,-51.15044753766882,2024-07,0,7,2024
INC00021,2025-03-22,2025-03-22,22:28:00,Pagamentos,Core Banking,Degradação,344,13692.06,Baixa,Aberto,0,CUST4444,-33.86211525351494,-51.14983701910769,2025-03,0,3,2025
INC00022,2024-04-11,2024-04-11,17:30:00,Cartões,Atm Network,Roubo,351,30448.56,Baixa,Aberto,3,CUST8543,-33.81056169236281,-51.19767129205575,2024-04,0,4,2024
INC00023,2024-08-01,2024-08-01,19:38:00,Investimentos,Payment Gateway,Roubo,138,18728.6,Média,Fechado,3,CUST8562,-33.89901392716629,-51.16445401481159,2024-08,0,8,2024
INC00024,2024-09-24,2024-09-24,02:17:00,Investimentos,Core Banking,Roubo,351,18574.9,Média,Resolvido,1,CUST4994,-33.83221313839422,-51.12601342004571,2024-09,0,9,2024
INC00025,2024-11-28,2024-11-28,09:38:00,Fraudes,Payment Gateway,Degradação,141,10079.4,Média,Resolvido,2,CUST8253,-33.85228399535884,-51.14899308110493,2024-11,0,11,2024
INC00026,2025-07-27,2025-07-27,16:13:00,Canais Digitais,Web Portal,Roubo,249,18945.03,Alta,Fechado,3,CUST1045,-33.88389537850393,-51.17557698829904,2025-07,0,7,2025
INC00027,2024-05-25,2024-05-25,23:34:00,Cartões,Payment Gateway,Roubo,113,6628.46,Baixa,Aberto,3,CUST3057,-33.867897847372554,-51.16648901399631,2024-05,0,5,2024
INC00028,2025-01-10,2025-01-10,11:59:00,Pagamentos,Mobile App,Erro,317,10809.61,Baixa,Em Análise,0,CUST1663,-33.87750499561229,-51.11369456068841,2025-01,0,1,2025
INC00029,2025-03-08,2025-03-08,12:33:00,Investimentos,Mobile App,Indisponibilidade,291,44455.0,Média,Resolvido,0,CUST5668,-33.812216783210985,-51.147445032984976,2025-03,1,3,2025
INC00030,2024-02-03,2024-02-03,02:36:00,Cartões,Payment Gateway,Indisponibilidade,25,15040.38,Baixa,Fechado,0,CUST3029,-33.8518126616055,-51.14716478774488,2024-02,0,2,2024
INC00031,2025-03-19,2025-03-19,10:39:00,Investimentos,Mobile App,Erro,94,27756.86,Média,Em Análise,4,CUST6717,-33.84369057221275,-51.1038532540949,2025-03,0,3,2025
INC00032,2024-05-04,2024-05-04,22:22:00,Pagamentos,Web Portal,Erro,300,10665.95,Baixa,Fechado,3,CUST3696,-33.840631238066294,-51.16791186009634,2024-05,0,5,2024
INC00033,2024-02-17,2024-02-17,11:38:00,Investimentos,Atm Network,Erro,116,43228.83,Baixa,Fechado,0,CUST9831,-33.836038287539765,-51.15204588748938,2024-02,1,2,2024
INC00034,2025-11-23,2025-11-23,14:55:00,Canais Digitais,Mobile App,Indisponibilidade,305,14597.32,Média,Fechado,1,CUST3663,-33.850444430962405,-51.11882864022792,2025-11,0,11,2025
INC00035,2025-12-05,2025-12-05,16:03:00,Canais Digitais,Mobile App,Roubo,81,43885.53,Média,Aberto,4,CUST3745,-33.89821264691637,-51.124108775111296,2025-12,1,12,2025
INC00036,2025-08-13,2025-08-13,21:24:00,Fraudes,Payment Gateway,Erro,181,8418.03,Média,Aberto,2,CUST6004,-33.86652773130853,-51.173420057807135,2025-08,0,8,2025
INC00037,2024-08-10,2024-08-10,12:17:00,Fraudes,Web Portal,Degradação,347,11845.6,Baixa,Fechado,3,CUST7321,-33.8816126759279,-51.18489089523946,2024-08,0,8,2024
INC00038,2024-03-12,2024-03-12,00:15:00,Investimentos,Atm Network,Erro,152,13532.09,Baixa,Resolvido,3,CUST6125,-33.83198571570883,-51.12992954238126,2024-03,0,3,2024
INC00039,2025-05-14,2025-05-14,12:41:00,Cartões,Payment Gateway,Fraude,105,12158.82,Baixa,Em Análise,1,CUST5948,-33.894329534863,-51.17423438231928,2025-05,0,5,2025
INC00040,2024-11-17,2024-11-17,11:01:00,Canais Digitais,Payment Gateway,Erro,250,31323.67,Baixa,Resolvido,2,CUST5402,-33.843619660888834,-51.10773241714758,2024-11,0,11,2024
INC00041,2024-03-30,2024-03-30,22:34:00,Cartões,Web Portal,Indisponibilidade,121,31043.04,Baixa,Aberto,2,CUST4427,-33.87893682777257,-51.18707523060108,2024-03,0,3,2024
INC00042,2024-12-27,2024-12-27,09:33:00,Cartões,Atm Network,Erro,96,20427.54,Baixa,Em Análise,4,CUST6912,-33.80511541615329,-51.16816847998653,2024-12,0,12,2024
INC00043,2024-01-26,2024-01-26,22:12:00,Investimentos,Web Portal,Fraude,405,27562.37,Média,Fechado,3,CUST1394,-33.86644590578135,-51.19452127530751,2024-01,0,1,2024
INC00044,2025-10-25,2025-10-25,12:17:00,Cartões,Atm Network,Degradação,32,83292.57,Baixa,Resolvido,0,CUST4597,-33.86747788086254,-51.12966946931366,2025-10,1,10,2025
INC00045,2024-07-07,2024-07-07,02:58:00,Canais Digitais,Web Portal,Roubo,429,23298.39,Média,Resolvido,1,CUST1329,-33.80766153320093,-51.11087373510846,2024-07,0,7,2024
INC00046,2025-04-28,2025-04-28,06:45:00,Pagamentos,Payment Gateway,Erro,454,30422.1,Alta,Fechado,1,CUST1772,-33.85826520796958,-51.1364125472669,2025-04,0,4,2025
INC00047,2024-08-15,2024-08-15,19:28:00,Fraudes,Payment Gateway,Fraude,29,8760.2,Baixa,Resolvido,1,CUST9135,-33.803713766581424,-51.106224698448855,2024-08,0,8,2024
INC00048,2025-01-14,2025-01-14,16:28:00,Pagamentos,Core Banking,Fraude,62,10704.91,Baixa,Aberto,1,CUST2645,-33.89758296478665,-51.18714960214988,2025-01,0,1,2025
INC00049,2025-02-03,2025-02-03,20:43:00,Cartões,Mobile App,Degradação,301,5261.56,Baixa,Fechado,0,CUST2787,-33.869365542479784,-51.19122660727373,2025-02,0,2,2025
INC00050,2024-05-14,2024-05-14,15:55:00,Pagamentos,Web Portal,Indisponibilidade,138,19020.72,Média,Resolvido,0,CUST1999,-33.833380703973354,-51.11615872688326,2024-05,0,5,2024
INC00051,2025-12-08,2025-12-08,11:46:00,Canais Digitais,Core Banking,Erro,335,17763.87,Baixa,Fechado,4,CUST2848,-33.81091430354724,-51.11444888246135,2025-12,0,12,2025
INC00052,2025-07-19,2025-07-19,09:29:00,Canais Digitais,Mobile App,Fraude,253,3736.55,Baixa,Em Análise,3,CUST2561,-33.87435944069917,-51.11689604728929,2025-07,0,7,2025
INC00053,2025-11-16,2025-11-16,06:19:00,Cartões,Web Portal,Degradação,42,19953.59,Média,Fechado,0,CUST1773,-33.80695224080363,-51.12010350974663,2025-11,0,11,2025
INC00054,2025-10-15,2025-10-15,04:00:00,Investimentos,Atm Network,Roubo,394,22376.82,Baixa,Resolvido,4,CUST8311,-33.84058785335008,-51.16377716360613,2025-10,0,10,2025
INC00055,2025-03-12,2025-03-12,16:02:00,Pagamentos,Mobile App,Fraude,433,34579.14,Média,Aberto,2,CUST6179,-33.819899175680206,-51.17825379164086,2025-03,0,3,2025
INC00056,2025-11-03,2025-11-03,12:13:00,Investimentos,Payment Gateway,Degradação,79,12846.64,Média,Fechado,3,CUST2803,-33.86027926956931,-51.107119598000224,2025-11,0,11,2025
INC00057,2024-03-05,2024-03-05,23:29:00,Investimentos,Core Banking,Indisponibilidade,146,28791.23,Média,Fechado,0,CUST3050,-33.878781961743314,-51.16929998171517,2024-03,0,3,2024
INC00058,2024-05-23,2024-05-23,17:03:00,Crédito,Mobile App,Indisponibilidade,326,26211.41,Baixa,Resolvido,2,CUST1747,-33.80887645845523,-51.1601592317836,2024-05,0,5,2024
INC00059,2024-02-03,2024-02-03,17:36:00,Cartões,Mobile App,Fraude,172,25900.13,Alta,Aberto,4,CUST9125,-33.806686413159376,-51.13004410405484,2024-02,0,2,2024
INC00060,2024-08-25,2024-08-25,15:00:00,Fraudes,Payment Gateway,Fraude,263,7836.0,Média,Aberto,0,CUST6860,-33.85024248558459,-51.1706643920006,2024-08,0,8,2024
INC00061,2024-10-10,2024-10-10,20:45:00,Canais Digitais,Web Portal,Erro,377,15615.85,Baixa,Em Análise,0,CUST4973,-33.899350498400075,-51.1180869778439,2024-10,0,10,2024
INC00062,2024-07-17,2024-07-17,14:08:00,Canais Digitais,Atm Network,Degradação,359,37714.63,Baixa,Em Análise,2,CUST2615,-33.88902170463296,-51.19299653763682,2024-07,0,7,2024
INC00063,2025-08-27,2025-08-27,14:48:00,Cartões,Payment Gateway,Fraude,229,31387.5,Baixa,Resolvido,0,CUST4754,-33.842697203976826,-51.12088173326111,2025-08,0,8,2025
INC00064,2024-09-17,2024-09-17,23:03:00,Fraudes,Atm Network,Erro,156,4007.63,Alta,Aberto,1,CUST6506,-33.89762232976981,-51.139814867738224,2024-09,0,9,2024
INC00065,2024-07-24,2024-07-24,11:58:00,Canais Digitais,Web Portal,Erro,23,26809.44,Alta,Aberto,0,CUST5221,-33.86030880760133,-51.142700635588646,2024-07,0,7,2024
INC00066,2025-01-31,2025-01-31,04:36:00,Cartões,Mobile App,Fraude,150,3275.96,Média,Em Análise,3,CUST6291,-33.8696630054428,-51.154162296086135,2025-01,0,1,2025
INC00067,2024-04-12,2024-04-12,10:59:00,Canais Digitais,Atm Network,Indisponibilidade,452,12805.31,Alta,Em Análise,2,CUST6854,-33.828565172459776,-51.17229544037166,2024-04,0,4,2024
INC00068,2025-08-08,2025-08-08,05:38:00,Investimentos,Core Banking,Degradação,245,22357.89,Baixa,Resolvido,3,CUST1216,-33.89444213270521,-51.15359297145688,2025-08,0,8,2025
INC00069,2024-02-24,2024-02-24,23:45:00,Pagamentos,Core Banking,Degradação,376,22972.51,Baixa,Aberto,4,CUST2359,-33.85112687310227,-51.15499714879813,2024-02,0,2,2024
INC00070,2025-12-21,2025-12-21,23:10:00,Pagamentos,Payment Gateway,Indisponibilidade,385,3774.32,Alta,Fechado,3,CUST4774,-33.84208857301244,-51.1416245811217,2025-12,0,12,2025
INC00071,2025-07-17,2025-07-17,12:33:00,Canais Digitais,Web Portal,Fraude,348,7543.34,Média,Em Análise,1,CUST6417,-33.83827089239474,-51.17184257141445,2025-07,0,7,2025
INC00072,2024-05-25,2024-05-25,06:51:00,Crédito,Payment Gateway,Degradação,241,49775.55,Baixa,Resolvido,1,CUST5927,-33.8594842327983,-51.19224044180239,2024-05,1,5,2024
INC00073,2024-01-05,2024-01-05,03:58:00,Fraudes,Payment Gateway,Fraude,39,5306.67,Média,Aberto,3,CUST5429,-33.869563221657046,-51.18549105533609,2024-01,0,1,2024
INC00074,2025-08-18,2025-08-18,07:19:00,Fraudes,Payment Gateway,Fraude,194,9803.75,Crítica,Aberto,4,CUST5606,-33.83175069662628,-51.130082256853846,2025-08,0,8,2025
INC00075,2025-05-31,2025-05-31,21:52:00,Fraudes,Core Banking,Erro,5,270.97,Média,Em Análise,0,CUST5478,-33.81524309518975,-51.197750767036446,2025-05,0,5,2025
INC00076,2025-06-16,2025-06-16,18:44:00,Investimentos,Core Banking,Indisponibilidade,157,56197.43,Alta,Resolvido,1,CUST2896,-33.83063823622171,-51.11435569553546,2025-06,1,6,2025
INC00077,2025-07-17,2025-07-17,13:09:00,Fraudes,Payment Gateway,Fraude,433,6288.84,Média,Fechado,3,CUST8366,-33.80678976345428,-51.13056026725201,2025-07,0,7,2025
INC00078,2024-02-24,2024-02-24,10:33:00,Pagamentos,Core Banking,Roubo,437,7823.28,Baixa,Em Análise,3,CUST5427,-33.82827364746421,-51.12319134586923,2024-02,0,2,2024
INC00079,2024-09-18,2024-09-18,08:48:00,Investimentos,Web Portal,Indisponibilidade,130,3268.05,Alta,Resolvido,3,CUST6361,-33.823538126598635,-51.116401555090654,2024-09,0,9,2024
INC00080,2024-03-25,2024-03-25,02:55:00,Cartões,Payment Gateway,Degradação,349,15013.16,Baixa,Aberto,0,CUST1641,-33.88320968033979,-51.187728955606985,2024-03,0,3,2024
INC00081,2025-09-22,2025-09-22,05:04:00,Fraudes,Core Banking,Erro,404,12304.68,Alta,Fechado,2,CUST6346,-33.858046035547325,-51.117754890902994,2025-09,0,9,2025
INC00082,2025-03-31,2025-03-31,04:53:00,Fraudes,Atm Network,Degradação,230,43196.17,Baixa,Resolvido,4,CUST5729,-33.8514944669044,-51.149535756234094,2025-03,1,3,2025
INC00083,2024-08-29,2024-08-29,14:22:00,Cartões,Payment Gateway,Degradação,225,40370.68,Média,Fechado,2,CUST4627,-33.874370683770536,-51.11144761612468,2024-08,1,8,2024
INC00084,2024-02-16,2024-02-16,16:08:00,Fraudes,Payment Gateway,Indisponibilidade,407,59939.34,Baixa,Resolvido,4,CUST7594,-33.84714601396437,-51.11134133989397,2024-02,1,2,2024
INC00085,2024-08-15,2024-08-15,02:19:00,Cartões,Web Portal,Degradação,411,25182.67,Baixa,Resolvido,4,CUST9387,-33.87092080557781,-51.19758219562458,2024-08,0,8,2024
INC00086,2024-08-25,2024-08-25,16:58:00,Investimentos,Mobile App,Fraude,215,6034.0,Baixa,Resolvido,3,CUST4275,-33.83124979071955,-51.161713478451645,2024-08,0,8,2024
INC00087,2025-06-16,2025-06-16,09:34:00,Pagamentos,Mobile App,Degradação,29,16248.19,Crítica,Resolvido,1,CUST5050,-33.85297115232968,-51.147360120413474,2025-06,0,6,2025
INC00088,2025-04-10,2025-04-10,17:17:00,Cartões,Web Portal,Erro,20,7672.8,Crítica,Fechado,3,CUST5553,-33.854119304573096,-51.13216399102171,2025-04,0,4,2025
INC00089,2025-10-09,2025-10-09,16:23:00,Crédito,Web Portal,Erro,186,4215.97,Baixa,Em Análise,0,CUST5925,-33.801635746896714,-51.17138137533159,2025-10,0,10,2025
INC00090,2024-12-10,2024-12-10,02:31:00,Cartões,Web Portal,Roubo,333,52275.94,Crítica,Fechado,4,CUST3304,-33.86075551514574,-51.174785773933536,2024-12,1,12,2024
INC00091,2024-03-28,2024-03-28,02:37:00,Fraudes,Mobile App,Erro,133,29218.16,Alta,Resolvido,1,CUST4343,-33.863770456741044,-51.1618734280911,2024-03,0,3,2024
INC00092,2025-06-04,2025-06-04,12:55:00,Investimentos,Web Portal,Degradação,46,26302.24,Média,Fechado,4,CUST3056,-33.86813956287173,-51.14990613082501,2025-06,0,6,2025
INC00093,2025-07-09,2025-07-09,14:24:00,Canais Digitais,Core Banking,Erro,407,3265.43,Baixa,Fechado,4,CUST3808,-33.81052507790242,-51.10488537685946,2025-07,0,7,2025
INC00094,2025-02-13,2025-02-13,08:03:00,Investimentos,Payment Gateway,Indisponibilidade,422,20708.94,Alta,Fechado,3,CUST8092,-33.85032761739018,-51.12378915333026,2025-02,0,2,2025
INC00095,2025-07-16,2025-07-16,13:36:00,Canais Digitais,Payment Gateway,Erro,340,12430.4,Média,Resolvido,1,CUST8226,-33.839998552251934,-51.15706788330623,2025-07,0,7,2025
INC00096,2024-12-26,2024-12-26,01:10:00,Cartões,Atm Network,Fraude,240,18682.24,Alta,Fechado,1,CUST1886,-33.88191815209976,-51.194563382155984,2024-12,0,12,2024
INC00097,2025-01-16,2025-01-16,08:55:00,Pagamentos,Atm Network,Indisponibilidade,364,2000.7,Alta,Aberto,4,CUST9584,-33.845905763999504,-51.18314794078562,2025-01,0,1,2025
INC00098,2024-11-08,2024-11-08,02:58:00,Crédito,Payment Gateway,Roubo,443,24917.2,Alta,Resolvido,1,CUST8720,-33.87253518071315,-51.154407557568064,2024-11,0,11,2024
INC00099,2024-01-19,2024-01-19,08:02:00,Investimentos,Core Banking,Fraude,406,1453.18,Média,Fechado,1,CUST3446,-33.82693630787371,-51.11861740999013,2024-01,0,1,2024
INC00100,2024-03-19,2024-03-19,01:11:00,Fraudes,Mobile App,Degradação,38,14796.56,Baixa,Aberto,3,CUST4905,-33.81674716512076,-51.161930446432265,2024-03,0,3,2024
INC00101,2024-01-23,2024-01-23,09:08:00,Canais Digitais,Mobile App,Degradação,349,21185.16,Baixa,Fechado,2,CUST7474,-33.82851893078687,-51.14615033492549,2024-01,0,1,2024
INC00102,2025-04-09,2025-04-09,14:39:00,Fraudes,Core Banking,Degradação,385,29106.58,Baixa,Em Análise,0,CUST4591,-33.82697558337297,-51.11081951139149,2025-04,0,4,2025
INC00103,2024-08-17,2024-08-17,04:10:00,Pagamentos,Mobile App,Fraude,49,22561.9,Baixa,Fechado,2,CUST3181,-33.84875252958805,-51.10862037405734,2024-08,0,8,2024
INC00104,2025-01-06,2025-01-06,01:23:00,Canais Digitais,Web Portal,Fraude,138,26110.1,Média,Fechado,1,CUST6011,-33.82878819436658,-51.17842250035574,2025-01,0,1,2025
INC00105,2025-10-24,2025-10-24,14:37:00,Investimentos,Payment Gateway,Fraude,25,22057.31,Média,Em Análise,4,CUST6030,-33.85773130644918,-51.19564050782074,2025-10,0,10,2025
INC00106,2024-06-30,2024-06-30,07:58:00,Cartões,Payment Gateway,Indisponibilidade,126,7889.42,Alta,Resolvido,0,CUST1354,-33.834851084647035,-51.16945894690285,2024-06,0,6,2024
INC00107,2024-10-26,2024-10-26,04:47:00,Fraudes,Core Banking,Indisponibilidade,74,3195.49,Baixa,Em Análise,0,CUST3631,-33.87409607898795,-51.13041976851743,2024-10,0,10,2024
INC00108,2025-07-05,2025-07-05,17:05:00,Pagamentos,Mobile App,Degradação,356,37325.14,Média,Resolvido,4,CUST2521,-33.8930242987688,-51.104888779902375,2025-07,0,7,2025
INC00109,2024-06-16,2024-06-16,04:59:00,Investimentos,Atm Network,Erro,365,46143.95,Baixa,Em Análise,0,CUST3672,-33.8586526735878,-51.19229680000159,2024-06,1,6,2024
INC00110,2024-02-26,2024-02-26,15:12:00,Investimentos,Atm Network,Degradação,52,14260.02,Baixa,Fechado,4,CUST3337,-33.85382218442195,-51.19715161894508,2024-02,0,2,2024
INC00111,2024-07-30,2024-07-30,04:12:00,Investimentos,Mobile App,Roubo,43,9416.96,Baixa,Fechado,0,CUST7968,-33.87435928418113,-51.11158527870143,2024-07,0,7,2024
INC00112,2024-04-27,2024-04-27,16:49:00,Investimentos,Atm Network,Indisponibilidade,291,1945.58,Média,Resolvido,2,CUST1628,-33.827229048159275,-51.12518547308969,2024-04,0,4,2024
INC00113,2025-11-09,2025-11-09,07:44:00,Canais Digitais,Core Banking,Fraude,14,10992.25,Baixa,Resolvido,0,CUST8162,-33.89264495210237,-51.10077514208445,2025-11,0,11,2025
INC00114,2025-08-12,2025-08-12,18:57:00,Investimentos,Core Banking,Indisponibilidade,34,8558.57,Média,Aberto,3,CUST3679,-33.87772516756208,-51.16032071185344,2025-08,0,8,2025
INC00115,2025-04-07,2025-04-07,02:55:00,Fraudes,Mobile App,Fraude,248,5015.9,Baixa,Aberto,4,CUST6266,-33.82514352815463,-51.158394909486326,2025-04,0,4,2025
INC00116,2025-09-28,2025-09-28,07:33:00,Pagamentos,Atm Network,Roubo,278,39222.94,Alta,Fechado,0,CUST5422,-33.856287572625995,-51.182768816270254,2025-09,1,9,2025
INC00117,2025-08-09,2025-08-09,07:26:00,Canais Digitais,Core Banking,Roubo,448,26609.16,Alta,Fechado,4,CUST8463,-33.829471637596065,-51.188415284740266,2025-08,0,8,2025
INC00118,2024-05-16,2024-05-16,12:44:00,Investimentos,Core Banking,Indisponibilidade,92,26995.14,Crítica,Aberto,3,CUST2126,-33.84325141222164,-51.14212819894098,2024-05,0,5,2024
INC00119,2025-10-13,2025-10-13,00:05:00,Crédito,Web Portal,Fraude,248,15012.23,Alta,Aberto,0,CUST2780,-33.80492872500026,-51.16357149987052,2025-10,0,10,2025
INC00120,2025-01-28,2025-01-28,23:18:00,Crédito,Web Portal,Roubo,385,7023.76,Alta,Resolvido,0,CUST7571,-33.84022041672772,-51.19196835520548,2025-01,0,1,2025
INC00121,2025-08-12,2025-08-12,15:39:00,Pagamentos,Core Banking,Degradação,333,18744.63,Alta,Em Análise,3,CUST9584,-33.898513102565445,-51.11130129304767,2025-08,0,8,2025
INC00122,2025-10-16,2025-10-16,00:58:00,Cartões,Mobile App,Degradação,19,17514.92,Média,Resolvido,3,CUST1825,-33.86471226494957,-51.18016435317507,2025-10,0,10,2025
INC00123,2024-08-20,2024-08-20,15:40:00,Cartões,Payment Gateway,Fraude,8,3079.12,Baixa,Aberto,3,CUST8276,-33.88569393177953,-51.12514156529965,2024-08,0,8,2024
INC00124,2024-03-21,2024-03-21,12:42:00,Canais Digitais,Payment Gateway,Indisponibilidade,195,27056.35,Baixa,Fechado,4,CUST3395,-33.80753663224023,-51.171777140388194,2024-03,0,3,2024
INC00125,2024-06-15,2024-06-15,12:24:00,Canais Digitais,Core Banking,Roubo,172,16420.08,Baixa,Aberto,3,CUST5145,-33.88959875457149,-51.11870951692472,2024-06,0,6,2024
INC00126,2024-11-07,2024-11-07,20:41:00,Canais Digitais,Core Banking,Indisponibilidade,13,17540.25,Média,Fechado,4,CUST8059,-33.861229333686886,-51.18816031585724,2024-11,0,11,2024
INC00127,2025-08-20,2025-08-20,03:26:00,Cartões,Core Banking,Degradação,113,9766.03,Média,Fechado,2,CUST6492,-33.877390080637326,-51.12439283897783,2025-08,0,8,2025
INC00128,2025-09-20,2025-09-20,05:59:00,Crédito,Mobile App,Roubo,141,12896.9,Alta,Fechado,0,CUST8111,-33.815327800960326,-51.19018811260995,2025-09,0,9,2025
INC00129,2024-01-06,2024-01-06,06:04:00,Cartões,Web Portal,Indisponibilidade,158,27218.16,Crítica,Fechado,0,CUST7792,-33.8691433502411,-51.15530842121431,2024-01,0,1,2024
INC00130,2025-01-07,2025-01-07,10:44:00,Fraudes,Core Banking,Erro,392,48088.82,Baixa,Em Análise,1,CUST4551,-33.80081065168573,-51.12659956494005,2025-01,1,1,2025
INC00131,2024-10-31,2024-10-31,18:30:00,Investimentos,Core Banking,Fraude,213,49390.19,Média,Aberto,2,CUST8711,-33.89613833943877,-51.18267816188131,2024-10,1,10,2024
INC00132,2024-06-11,2024-06-11,22:41:00,Canais Digitais,Atm Network,Fraude,276,12170.05,Crítica,Resolvido,3,CUST4628,-33.88717232275374,-51.17143350111533,2024-06,0,6,2024
INC00133,2024-03-28,2024-03-28,09:31:00,Crédito,Mobile App,Erro,147,15630.9,Baixa,Fechado,3,CUST2565,-33.877536122357085,-51.11352330079078,2024-03,0,3,2024
INC00134,2024-09-03,2024-09-03,10:52:00,Pagamentos,Core Banking,Degradação,103,35087.81,Média,Fechado,2,CUST4667,-33.81888939597998,-51.11148806790924,2024-09,0,9,2024
INC00135,2025-11-19,2025-11-19,06:30:00,Pagamentos,Atm Network,Roubo,381,8319.0,Baixa,Resolvido,3,CUST7459,-33.8121482790936,-51.19550645475473,2025-11,0,11,2025
INC00136,2024-08-23,2024-08-23,17:35:00,Investimentos,Payment Gateway,Fraude,312,5092.3,Média,Resolvido,1,CUST5096,-33.89285486193906,-51.18319094146471,2024-08,0,8,2024
INC00137,2025-01-13,2025-01-13,01:13:00,Crédito,Core Banking,Erro,73,19081.13,Baixa,Fechado,4,CUST2019,-33.89675398582377,-51.18825280597272,2025-01,0,1,2025
INC00138,2025-05-28,2025-05-28,12:28:00,Cartões,Core Banking,Erro,251,22938.21,Alta,Resolvido,0,CUST8928,-33.82554431428954,-51.18203069053487,2025-05,0,5,2025
INC00139,2024-09-22,2024-09-22,11:38:00,Cartões,Atm Network,Degradação,265,17069.11,Média,Resolvido,2,CUST9254,-33.886664799324635,-51.10298122756937,2024-09,0,9,2024
INC00140,2025-12-10,2025-12-10,01:31:00,Fraudes,Mobile App,Degradação,280,11697.22,Baixa,Em Análise,0,CUST6965,-33.886700141292536,-51.14483447512096,2025-12,0,12,2025
INC00141,2025-12-03,2025-12-03,12:45:00,Fraudes,Core Banking,Indisponibilidade,83,22675.53,Baixa,Resolvido,4,CUST3269,-33.897763346550555,-51.15318876095451,2025-12,0,12,2025
INC00142,2024-07-02,2024-07-02,16:40:00,Cartões,Payment Gateway,Fraude,150,12791.37,Baixa,Aberto,2,CUST9835,-33.89501921224166,-51.10155326269074,2024-07,0,7,2024
INC00143,2024-12-28,2024-12-28,16:39:00,Pagamentos,Core Banking,Indisponibilidade,115,15699.8,Crítica,Aberto,4,CUST5721,-33.87363245414045,-51.14430438701393,2024-12,0,12,2024
INC00144,2024-08-07,2024-08-07,01:59:00,Canais Digitais,Payment Gateway,Erro,262,14833.82,Média,Aberto,3,CUST9408,-33.893499451058915,-51.13388820726545,2024-08,0,8,2024
INC00145,2024-07-26,2024-07-26,23:44:00,Pagamentos,Web Portal,Roubo,97,20330.15,Baixa,Fechado,3,CUST1195,-33.86311209083407,-51.16672294539509,2024-07,0,7,2024
INC00146,2024-01-27,2024-01-27,02:47:00,Fraudes,Web Portal,Roubo,17,9637.73,Baixa,Aberto,3,CUST4273,-33.81672249687726,-51.16178851354905,2024-01,0,1,2024
INC00147,2025-03-20,2025-03-20,05:18:00,Investimentos,Payment Gateway,Degradação,264,19063.1,Média,Em Análise,4,CUST6110,-33.86736797426784,-51.14055906161909,2025-03,0,3,2025
INC00148,2025-01-01,2025-01-01,06:09:00,Cartões,Mobile App,Roubo,430,1599.26,Média,Aberto,4,CUST8401,-33.82721658374206,-51.19302142159996,2025-01,0,1,2025
INC00149,2024-02-07,2024-02-07,08:31:00,Fraudes,Core Banking,Roubo,113,7535.31,Média,Fechado,4,CUST4212,-33.89060900351689,-51.17441171139553,2024-02,0,2,2024
INC00150,2024-07-22,2024-07-22,01:27:00,Fraudes,Core Banking,Roubo,334,25538.84,Baixa,Em Análise,0,CUST3755,-33.83406248125805,-51.18031882505397,2024-07,0,7,2024
INC00151,2025-10-25,2025-10-25,14:29:00,Canais Digitais,Web Portal,Erro,193,13117.73,Média,Aberto,4,CUST2521,-33.86832528167425,-51.198410660686,2025-10,0,10,2025
INC00152,2024-06-23,2024-06-23,04:28:00,Cartões,Payment Gateway,Roubo,99,12687.4,Média,Em Análise,3,CUST6674,-33.82502471213029,-51.14630987294796,2024-06,0,6,2024
INC00153,2024-04-15,2024-04-15,21:03:00,Canais Digitais,Core Banking,Roubo,109,32629.71,Crítica,Em Análise,1,CUST2080,-33.88637479859436,-51.14389471604761,2024-04,0,4,2024
INC00154,2024-12-23,2024-12-23,19:31:00,Cartões,Core Banking,Roubo,12,39792.35,Alta,Fechado,4,CUST6623,-33.81021166222355,-51.16160607769628,2024-12,1,12,2024
INC00155,2025-12-20,2025-12-20,03:49:00,Canais Digitais,Mobile App,Indisponibilidade,71,28880.27,Média,Fechado,1,CUST1721,-33.8757422797102,-51.17312725305352,2025-12,0,12,2025
INC00156,2024-06-25,2024-06-25,03:26:00,Pagamentos,Atm Network,Erro,195,15516.08,Média,Em Análise,3,CUST2562,-33.86468622067188,-51.13479401240054,2024-06,0,6,2024
INC00157,2025-05-05,2025-05-05,16:11:00,Investimentos,Web Portal,Degradação,370,12095.46,Baixa,Aberto,4,CUST1639,-33.804981928918195,-51.18653408386156,2025-05,0,5,2025
INC00158,2025-07-09,2025-07-09,21:16:00,Investimentos,Web Portal,Indisponibilidade,260,9974.75,Alta,Fechado,0,CUST5260,-33.84215176402691,-51.14813849683647,2025-07,0,7,2025
INC00159,2024-06-22,2024-06-22,09:53:00,Cartões,Atm Network,Fraude,13,20215.87,Baixa,Em Análise,0,CUST6190,-33.863422848103696,-51.12319260141894,2024-06,0,6,2024
INC00160,2025-06-15,2025-06-15,00:21:00,Crédito,Core Banking,Erro,121,7013.0,Baixa,Resolvido,1,CUST4736,-33.80503978529664,-51.18357020160475,2025-06,0,6,2025
INC00161,2024-09-25,2024-09-25,23:58:00,Fraudes,Mobile App,Erro,271,30814.13,Baixa,Resolvido,0,CUST8746,-33.867092258311,-51.12467404614042,2024-09,0,9,2024
INC00162,2025-04-06,2025-04-06,17:49:00,Fraudes,Mobile App,Fraude,103,23926.51,Alta,Fechado,0,CUST1089,-33.890512928732484,-51.12392054908466,2025-04,0,4,2025
INC00163,2025-04-07,2025-04-07,13:46:00,Cartões,Web Portal,Fraude,302,12676.6,Baixa,Aberto,0,CUST2251,-33.800315111214054,-51.19400733517696,2025-04,0,4,2025
INC00164,2025-01-26,2025-01-26,11:35:00,Canais Digitais,Mobile App,Fraude,401,12539.46,Baixa,Resolvido,3,CUST5703,-33.87321550794411,-51.19812156739128,2025-01,0,1,2025
INC00165,2024-03-06,2024-03-06,02:51:00,Crédito,Atm Network,Degradação,168,12468.45,Baixa,Resolvido,0,CUST1348,-33.81487421513004,-51.10260645940118,2024-03,0,3,2024
INC00166,2025-09-01,2025-09-01,11:06:00,Pagamentos,Core Banking,Roubo,380,13703.17,Baixa,Resolvido,2,CUST5052,-33.88344592051769,-51.18066173405012,2025-09,0,9,2025
INC00167,2024-08-22,2024-08-22,10:32:00,Canais Digitais,Atm Network,Erro,145,17704.71,Baixa,Aberto,4,CUST3941,-33.82686460282226,-51.11778607908999,2024-08,0,8,2024
INC00168,2024-05-16,2024-05-16,05:46:00,Canais Digitais,Payment Gateway,Roubo,272,18922.02,Alta,Aberto,0,CUST9437,-33.84755506055277,-51.14381493469547,2024-05,0,5,2024
INC00169,2024-01-30,2024-01-30,14:31:00,Cartões,Web Portal,Roubo,41,45056.15,Alta,Fechado,0,CUST1271,-33.80190934417099,-51.173552784246304,2024-01,1,1,2024
INC00170,2025-03-07,2025-03-07,18:10:00,Cartões,Mobile App,Fraude,78,17677.06,Baixa,Fechado,0,CUST3030,-33.84471696439076,-51.18700295633812,2025-03,0,3,2025
INC00171,2025-05-09,2025-05-09,22:25:00,Fraudes,Payment Gateway,Degradação,77,11533.71,Alta,Resolvido,2,CUST8836,-33.89749848481091,-51.15033227264223,2025-05,0,5,2025
INC00172,2024-01-13,2024-01-13,01:45:00,Cartões,Mobile App,Indisponibilidade,312,40866.16,Média,Aberto,0,CUST8041,-33.83961220103759,-51.159264518837055,2024-01,1,1,2024
INC00173,2025-01-08,2025-01-08,01:28:00,Cartões,Core Banking,Degradação,203,15660.91,Baixa,Em Análise,0,CUST6175,-33.88546835436634,-51.13011139148829,2025-01,0,1,2025
INC00174,2024-06-14,2024-06-14,03:16:00,Cartões,Core Banking,Roubo,134,928.71,Média,Resolvido,4,CUST2126,-33.82014590847179,-51.10958314504523,2024-06,0,6,2024
INC00175,2025-04-15,2025-04-15,02:12:00,Fraudes,Core Banking,Degradação,250,47200.0,Crítica,Fechado,2,CUST5379,-33.81434318035101,-51.11947519130366,2025-04,1,4,2025
INC00176,2024-05-07,2024-05-07,08:38:00,Pagamentos,Mobile App,Fraude,316,7557.1,Baixa,Aberto,2,CUST9708,-33.85179064812053,-51.17255479497952,2024-05,0,5,2024
INC00177,2025-05-19,2025-05-19,14:54:00,Pagamentos,Payment Gateway,Indisponibilidade,64,22294.59,Baixa,Fechado,0,CUST9052,-33.82167785429477,-51.11210667815477,2025-05,0,5,2025
INC00178,2024-10-09,2024-10-09,10:51:00,Cartões,Core Banking,Fraude,283,14549.71,Alta,Fechado,2,CUST1611,-33.885488926451835,-51.11666086858954,2024-10,0,10,2024
INC00179,2025-11-14,2025-11-14,01:46:00,Fraudes,Payment Gateway,Indisponibilidade,107,16291.25,Média,Aberto,1,CUST1749,-33.850792181346435,-51.10708637662783,2025-11,0,11,2025
INC00180,2024-04-10,2024-04-10,13:19:00,Pagamentos,Mobile App,Roubo,300,8589.37,Baixa,Resolvido,2,CUST2856,-33.86060557353094,-51.1541339178962,2024-04,0,4,2024
INC00181,2024-09-05,2024-09-05,21:10:00,Canais Digitais,Payment Gateway,Indisponibilidade,324,6856.19,Média,Aberto,2,CUST9591,-33.83886826129469,-51.12314248275906,2024-09,0,9,2024
INC00182,2024-03-23,2024-03-23,02:16:00,Pagamentos,Mobile App,Indisponibilidade,345,31866.83,Média,Resolvido,2,CUST2526,-33.895552281119684,-51.14083419344764,2024-03,0,3,2024
INC00183,2025-11-06,2025-11-06,11:55:00,Pagamentos,Mobile App,Indisponibilidade,155,16724.82,Alta,Fechado,3,CUST7229,-33.82478771617514,-51.168949724745055,2025-11,0,11,2025
INC00184,2025-10-02,2025-10-02,20:46:00,Fraudes,Web Portal,Degradação,161,13726.47,Média,Aberto,3,CUST9511,-33.89208707105253,-51.100556899745726,2025-10,0,10,2025
INC00185,2024-07-07,2024-07-07,15:36:00,Canais Digitais,Mobile App,Degradação,210,13934.49,Baixa,Em Análise,3,CUST9527,-33.83435284824698,-51.19616925331604,2024-07,0,7,2024
INC00186,2025-04-26,2025-04-26,19:05:00,Fraudes,Mobile App,Roubo,478,33629.96,Média,Resolvido,2,CUST3098,-33.898154277446004,-51.1837727427441,2025-04,0,4,2025
INC00187,2025-08-19,2025-08-19,18:56:00,Cartões,Atm Network,Indisponibilidade,183,7635.25,Média,Em Análise,1,CUST8865,-33.816811193624325,-51.11074576374681,2025-08,0,8,2025
INC00188,2025-02-09,2025-02-09,04:02:00,Investimentos,Core Banking,Erro,201,41108.53,Baixa,Resolvido,2,CUST1173,-33.88253003697762,-51.19394371565874,2025-02,1,2,2025
INC00189,2025-01-21,2025-01-21,00:57:00,Pagamentos,Web Portal,Roubo,227,19720.65,Média,Aberto,0,CUST1500,-33.8484502524023,-51.11131793326565,2025-01,0,1,2025
INC00190,2024-06-25,2024-06-25,05:14:00,Investimentos,Web Portal,Indisponibilidade,93,12330.58,Alta,Em Análise,1,CUST4646,-33.873850709627234,-51.12847785239418,2024-06,0,6,2024
INC00191,2024-03-08,2024-03-08,01:34:00,Fraudes,Web Portal,Indisponibilidade,291,10461.09,Baixa,Aberto,3,CUST7219,-33.82773527979389,-51.19633159946055,2024-03,0,3,2024
INC00192,2025-10-16,2025-10-16,16:24:00,Fraudes,Atm Network,Degradação,438,9515.34,Média,Resolvido,4,CUST3363,-33.86786488998103,-51.15706799571458,2025-10,0,10,2025
INC00193,2025-10-19,2025-10-19,23:11:00,Fraudes,Mobile App,Roubo,280,9169.1,Baixa,Resolvido,1,CUST8540,-33.827539080641166,-51.124552852499775,2025-10,0,10,2025
INC00194,2025-04-07,2025-04-07,17:14:00,Investimentos,Core Banking,Indisponibilidade,240,27589.72,Baixa,Resolvido,3,CUST2896,-33.87151287931645,-51.14168997153692,2025-04,0,4,2025
INC00195,2024-09-04,2024-09-04,11:15:00,Fraudes,Payment Gateway,Indisponibilidade,187,6128.88,Baixa,Resolvido,1,CUST6759,-33.82475269090642,-51.10641287080355,2024-09,0,9,2024
INC00196,2024-09-11,2024-09-11,07:59:00,Cartões,Mobile App,Roubo,213,14579.96,Baixa,Fechado,1,CUST2778,-33.89693945036631,-51.113235596708805,2024-09,0,9,2024
INC00197,2025-06-13,2025-06-13,13:24:00,Fraudes,Atm Network,Erro,134,18831.15,Alta,Resolvido,2,CUST4057,-33.87166886646261,-51.166735236466586,2025-06,0,6,2025
INC00198,2025-10-16,2025-10-16,16:28:00,Crédito,Mobile App,Roubo,157,7368.01,Baixa,Em Análise,0,CUST6190,-33.85013664935597,-51.191537280448,2025-10,0,10,2025
INC00199,2025-10-09,2025-10-09,20:07:00,Investimentos,Mobile App,Roubo,17,4832.08,Média,Resolvido,4,CUST7997,-33.89549404180803,-51.10557429603544,2025-10,0,10,2025
INC00200,2025-07-23,2025-07-23,14:26:00,Crédito,Atm Network,Erro,126,1992.8,Baixa,Aberto,3,CUST5747,-33.88139659386287,-51.14827132322321,2025-07,0,7,2025
INC00201,2025-04-13,2025-04-13,13:49:00,Fraudes,Web Portal,Roubo,363,18409.03,Crítica,Fechado,1,CUST1045,-33.80654630183588,-51.19256023756281,2025-04,0,4,2025
INC00202,2024-03-02,2024-03-02,19:06:00,Cartões,Web Portal,Indisponibilidade,224,2909.13,Média,Em Análise,4,CUST8758,-33.80231657348198,-51.11834243866407,2024-03,0,3,2024
INC00203,2024-04-27,2024-04-27,02:28:00,Pagamentos,Core Banking,Roubo,110,51624.81,Média,Fechado,1,CUST8053,-33.82602500526095,-51.113149352931465,2024-04,1,4,2024
INC00204,2025-10-17,2025-10-17,11:52:00,Canais Digitais,Core Banking,Erro,379,22186.67,Baixa,Fechado,0,CUST4201,-33.87477999493831,-51.136057535982346,2025-10,0,10,2025
INC00205,2025-03-18,2025-03-18,23:59:00,Canais Digitais,Web Portal,Fraude,74,11498.47,Baixa,Fechado,4,CUST1455,-33.8739482554564,-51.155249103431366,2025-03,0,3,2025
INC00206,2024-01-07,2024-01-07,02:19:00,Fraudes,Payment Gateway,Roubo,199,11508.25,Baixa,Aberto,3,CUST3924,-33.83542096422049,-51.13378269876765,2024-01,0,1,2024
INC00207,2024-03-15,2024-03-15,13:14:00,Cartões,Mobile App,Degradação,190,18725.53,Alta,Fechado,1,CUST8798,-33.88824003834013,-51.12933163042949,2024-03,0,3,2024
INC00208,2025-04-29,2025-04-29,13:06:00,Investimentos,Payment Gateway,Indisponibilidade,103,11938.14,Baixa,Fechado,0,CUST1965,-33.80516906195696,-51.11069700419141,2025-04,0,4,2025
INC00209,2024-01-04,2024-01-04,16:43:00,Crédito,Mobile App,Indisponibilidade,86,2433.7,Média,Resolvido,4,CUST5964,-33.87751871004898,-51.104413831962525,2024-01,0,1,2024
INC00210,2024-04-27,2024-04-27,19:35:00,Crédito,Web Portal,Degradação,79,3860.97,Média,Aberto,1,CUST2528,-33.80003643745745,-51.14856790676091,2024-04,0,4,2024
INC00211,2025-02-04,2025-02-04,08:37:00,Crédito,Core Banking,Degradação,378,31452.16,Baixa,Em Análise,1,CUST3976,-33.850426620469754,-51.12015054664735,2025-02,0,2,2025
INC00212,2025-05-20,2025-05-20,15:56:00,Investimentos,Core Banking,Roubo,344,10702.12,Média,Em Análise,3,CUST4071,-33.8228570011007,-51.10354904440084,2025-05,0,5,2025
INC00213,2025-04-20,2025-04-20,21:53:00,Canais Digitais,Payment Gateway,Degradação,196,15770.29,Média,Em Análise,0,CUST5869,-33.899781590549445,-51.184875666185306,2025-04,0,4,2025
INC00214,2024-06-12,2024-06-12,20:52:00,Cartões,Core Banking,Fraude,329,29424.63,Média,Aberto,2,CUST7387,-33.81112535952483,-51.19817320183903,2024-06,0,6,2024
INC00215,2025-06-03,2025-06-03,01:23:00,Investimentos,Web Portal,Erro,471,9898.65,Baixa,Em Análise,1,CUST3521,-33.87299979552194,-51.11310362271517,2025-06,0,6,2025
INC00216,2024-06-22,2024-06-22,07:10:00,Crédito,Payment Gateway,Degradação,218,2215.35,Baixa,Aberto,4,CUST7525,-33.83320632554519,-51.180472666675286,2024-06,0,6,2024
INC00217,2024-08-25,2024-08-25,12:16:00,Fraudes,Mobile App,Degradação,319,16568.96,Baixa,Resolvido,3,CUST2126,-33.81936447192064,-51.19575212333682,2024-08,0,8,2024
INC00218,2025-06-28,2025-06-28,07:20:00,Pagamentos,Core Banking,Fraude,448,19263.07,Alta,Resolvido,3,CUST7632,-33.883585225944095,-51.18399038623426,2025-06,0,6,2025
INC00219,2025-04-19,2025-04-19,17:29:00,Investimentos,Atm Network,Indisponibilidade,471,7587.93,Média,Aberto,1,CUST6773,-33.85574905186707,-51.16158850887562,2025-04,0,4,2025
INC00220,2025-09-11,2025-09-11,17:45:00,Investimentos,Core Banking,Indisponibilidade,386,5399.9,Baixa,Em Análise,1,CUST8716,-33.85061640593481,-51.17807342984074,2025-09,0,9,2025
INC00221,2025-04-25,2025-04-25,14:30:00,Cartões,Mobile App,Roubo,371,30601.54,Alta,Aberto,1,CUST4404,-33.86878805346608,-51.16947463708996,2025-04,0,4,2025
INC00222,2025-02-18,2025-02-18,05:31:00,Cartões,Payment Gateway,Fraude,322,22075.61,Baixa,Aberto,2,CUST5492,-33.8518244170271,-51.102470594857,2025-02,0,2,2025
INC00223,2024-03-09,2024-03-09,10:44:00,Investimentos,Mobile App,Erro,148,10222.74,Alta,Fechado,1,CUST3343,-33.86824543423447,-51.12955944558375,2024-03,0,3,2024
INC00224,2024-09-25,2024-09-25,00:59:00,Crédito,Atm Network,Erro,388,4952.88,Crítica,Aberto,0,CUST1106,-33.86392522549448,-51.12878082717468,2024-09,0,9,2024
INC00225,2024-07-12,2024-07-12,05:40:00,Pagamentos,Web Portal,Fraude,220,24973.45,Alta,Fechado,4,CUST4154,-33.83306688212972,-51.19053146252721,2024-07,0,7,2024
INC00226,2024-06-27,2024-06-27,07:10:00,Cartões,Core Banking,Erro,365,13040.42,Alta,Resolvido,1,CUST5053,-33.8367406731695,-51.12679016301773,2024-06,0,6,2024
INC00227,2025-12-11,2025-12-11,21:50:00,Crédito,Payment Gateway,Indisponibilidade,328,6919.43,Baixa,Fechado,2,CUST5801,-33.87677342742025,-51.12606556670447,2025-12,0,12,2025
INC00228,2024-10-13,2024-10-13,23:40:00,Fraudes,Web Portal,Erro,19,23382.85,Baixa,Aberto,4,CUST7139,-33.81025171152046,-51.13402549815934,2024-10,0,10,2024
INC00229,2025-10-13,2025-10-13,16:11:00,Cartões,Mobile App,Erro,221,13952.44,Média,Resolvido,3,CUST6580,-33.81372114543286,-51.17715637040021,2025-10,0,10,2025
INC00230,2025-04-05,2025-04-05,13:31:00,Crédito,Payment Gateway,Fraude,443,19994.56,Baixa,Fechado,1,CUST1214,-33.849091669331,-51.157696382091785,2025-04,0,4,2025
INC00231,2025-08-03,2025-08-03,14:15:00,Crédito,Web Portal,Fraude,39,23477.34,Baixa,Aberto,4,CUST6400,-33.856674925730424,-51.11537235453304,2025-08,0,8,2025
INC00232,2025-01-01,2025-01-01,21:21:00,Pagamentos,Payment Gateway,Erro,187,2786.37,Média,Resolvido,3,CUST7875,-33.86231440170159,-51.13297983706594,2025-01,0,1,2025
INC00233,2025-02-25,2025-02-25,19:32:00,Pagamentos,Atm Network,Degradação,274,6437.12,Baixa,Fechado,2,CUST5289,-33.82927320813335,-51.12672311650001,2025-02,0,2,2025
INC00234,2024-12-25,2024-12-25,09:39:00,Fraudes,Atm Network,Fraude,437,28387.94,Alta,Aberto,0,CUST5253,-33.83283339427905,-51.14126255998743,2024-12,0,12,2024
INC00235,2024-05-22,2024-05-22,17:59:00,Crédito,Core Banking,Roubo,471,21742.51,Alta,Aberto,1,CUST9656,-33.8803819393062,-51.15504134008882,2024-05,0,5,2024
INC00236,2025-06-11,2025-06-11,00:01:00,Canais Digitais,Core Banking,Roubo,362,29945.67,Alta,Em Análise,0,CUST7247,-33.83285419686996,-51.12409479899329,2025-06,0,6,2025
INC00237,2024-07-23,2024-07-23,00:32:00,Crédito,Atm Network,Indisponibilidade,104,8622.94,Média,Em Análise,2,CUST7177,-33.87475688058979,-51.193207418563375,2024-07,0,7,2024
INC00238,2024-01-18,2024-01-18,08:12:00,Pagamentos,Payment Gateway,Erro,11,14633.2,Alta,Fechado,4,CUST8269,-33.89814416634765,-51.13268392672197,2024-01,0,1,2024
INC00239,2025-04-16,2025-04-16,00:12:00,Canais Digitais,Atm Network,Degradação,34,15198.77,Alta,Fechado,4,CUST3372,-33.83007913224626,-51.10027954921493,2025-04,0,4,2025
INC00240,2024-05-09,2024-05-09,19:25:00,Cartões,Core Banking,Indisponibilidade,471,20385.69,Média,Fechado,2,CUST7834,-33.83552063975392,-51.1219808070532,2024-05,0,5,2024
INC00241,2025-11-17,2025-11-17,21:38:00,Cartões,Atm Network,Erro,309,20018.91,Baixa,Aberto,2,CUST9783,-33.858919073762564,-51.170943648842254,2025-11,0,11,2025
INC00242,2025-11-27,2025-11-27,01:37:00,Investimentos,Atm Network,Fraude,477,26983.03,Alta,Fechado,1,CUST7617,-33.84743139440805,-51.172218050529466,2025-11,0,11,2025
INC00243,2025-10-29,2025-10-29,06:25:00,Pagamentos,Payment Gateway,Roubo,148,14690.39,Alta,Aberto,3,CUST6150,-33.80528308082942,-51.13327813894065,2025-10,0,10,2025
INC00244,2024-09-27,2024-09-27,13:57:00,Investimentos,Web Portal,Degradação,115,25220.52,Baixa,Fechado,0,CUST9102,-33.84047998190945,-51.11041457429915,2024-09,0,9,2024
INC00245,2024-01-12,2024-01-12,17:14:00,Canais Digitais,Core Banking,Roubo,236,27946.71,Baixa,Aberto,0,CUST5158,-33.83421160646635,-51.14220502591522,2024-01,0,1,2024
INC00246,2025-11-08,2025-11-08,01:41:00,Pagamentos,Payment Gateway,Fraude,183,14608.51,Média,Aberto,4,CUST8727,-33.89360886790509,-51.147259771283,2025-11,0,11,2025
INC00247,2024-11-08,2024-11-08,22:43:00,Fraudes,Atm Network,Erro,76,11307.57,Baixa,Em Análise,4,CUST6206,-33.88340055393249,-51.18396158661564,2024-11,0,11,2024
INC00248,2025-12-06,2025-12-06,16:39:00,Crédito,Atm Network,Fraude,214,16607.07,Alta,Resolvido,1,CUST1303,-33.86990477235884,-51.12845430446402,2025-12,0,12,2025
INC00249,2025-12-04,2025-12-04,10:02:00,Fraudes,Web Portal,Fraude,224,21926.72,Crítica,Aberto,2,CUST1333,-33.846062068197185,-51.12977013803621,2025-12,0,12,2025
INC00250,2025-09-14,2025-09-14,05:08:00,Canais Digitais,Core Banking,Roubo,84,84339.94,Baixa,Fechado,0,CUST5506,-33.822340910401664,-51.10330486076661,2025-09,1,9,2025
INC00251,2024-08-02,2024-08-02,05:08:00,Pagamentos,Core Banking,Degradação,87,17184.35,Média,Em Análise,1,CUST3331,-33.86787591222114,-51.16998078156944,2024-08,0,8,2024
INC00252,2024-10-08,2024-10-08,06:30:00,Canais Digitais,Mobile App,Fraude,46,8868.31,Baixa,Fechado,4,CUST5561,-33.86436175695212,-51.12435545236325,2024-10,0,10,2024
INC00253,2025-09-13,2025-09-13,08:49:00,Crédito,Core Banking,Roubo,277,1825.82,Média,Fechado,4,CUST1079,-33.87438491148262,-51.15659347388024,2025-09,0,9,2025
INC00254,2024-08-19,2024-08-19,11:07:00,Cartões,Web Portal,Degradação,195,27795.54,Baixa,Aberto,0,CUST4763,-33.874539067070465,-51.14415272083839,2024-08,0,8,2024
INC00255,2024-05-03,2024-05-03,07:49:00,Cartões,Mobile App,Erro,177,4607.47,Média,Aberto,4,CUST6196,-33.80511361541052,-51.11835461443994,2024-05,0,5,2024
INC00256,2025-02-10,2025-02-10,19:46:00,Canais Digitais,Mobile App,Erro,465,73013.51,Baixa,Resolvido,4,CUST1732,-33.83645428203811,-51.1778004954981,2025-02,1,2,2025
INC00257,2025-11-14,2025-11-14,06:10:00,Investimentos,Atm Network,Indisponibilidade,11,21251.1,Baixa,Aberto,3,CUST4976,-33.88440987564601,-51.16571312604726,2025-11,0,11,2025
INC00258,2025-05-23,2025-05-23,19:15:00,Pagamentos,Atm Network,Roubo,159,50718.54,Baixa,Aberto,2,CUST6659,-33.82777514219157,-51.12266913298024,2025-05,1,5,2025
INC00259,2025-02-20,2025-02-20,03:05:00,Pagamentos,Core Banking,Degradação,14,28921.77,Baixa,Resolvido,4,CUST2384,-33.827797885664,-51.14295420847122,2025-02,0,2,2025
INC00260,2024-03-11,2024-03-11,21:25:00,Cartões,Mobile App,Fraude,38,13745.33,Média,Fechado,3,CUST3124,-33.83335298039463,-51.1907577083095,2024-03,0,3,2024
INC00261,2025-03-24,2025-03-24,02:40:00,Fraudes,Atm Network,Erro,40,20650.08,Baixa,Resolvido,1,CUST7652,-33.88652795549093,-51.15698141332215,2025-03,0,3,2025
INC00262,2025-12-23,2025-12-23,09:13:00,Crédito,Web Portal,Degradação,413,7051.79,Média,Resolvido,4,CUST6283,-33.85920085165304,-51.1413366687027,2025-12,0,12,2025
INC00263,2024-04-12,2024-04-12,10:17:00,Fraudes,Atm Network,Roubo,10,13461.62,Alta,Resolvido,1,CUST8176,-33.889324366950554,-51.10904826835549,2024-04,0,4,2024
INC00264,2025-01-13,2025-01-13,21:11:00,Fraudes,Atm Network,Indisponibilidade,412,21468.53,Alta,Em Análise,4,CUST7605,-33.818337949590784,-51.18115119500614,2025-01,0,1,2025
INC00265,2025-10-02,2025-10-02,22:11:00,Canais Digitais,Mobile App,Erro,406,3231.84,Alta,Fechado,0,CUST6707,-33.834482785682205,-51.11940470316225,2025-10,0,10,2025
INC00266,2025-06-24,2025-06-24,12:24:00,Cartões,Mobile App,Degradação,219,11981.64,Alta,Em Análise,3,CUST3292,-33.849279606323215,-51.186937551692345,2025-06,0,6,2025
INC00267,2025-05-23,2025-05-23,12:50:00,Cartões,Payment Gateway,Degradação,138,26940.88,Baixa,Em Análise,3,CUST9376,-33.86569845234994,-51.175776433992425,2025-05,0,5,2025
INC00268,2025-05-27,2025-05-27,18:54:00,Cartões,Web Portal,Degradação,289,21144.56,Baixa,Aberto,0,CUST1997,-33.88157505255055,-51.17566561165099,2025-05,0,5,2025
INC00269,2024-09-19,2024-09-19,13:35:00,Canais Digitais,Mobile App,Roubo,130,6141.06,Média,Resolvido,2,CUST5664,-33.88935524111669,-51.11225208040912,2024-09,0,9,2024
INC00270,2024-08-02,2024-08-02,12:07:00,Investimentos,Core Banking,Roubo,413,35167.46,Alta,Resolvido,3,CUST3357,-33.803075939246305,-51.18009823079851,2024-08,0,8,2024
INC00271,2025-08-13,2025-08-13,22:52:00,Fraudes,Web Portal,Roubo,443,16989.78,Crítica,Em Análise,1,CUST6491,-33.8800351358044,-51.12130392730146,2025-08,0,8,2025
INC00272,2025-08-14,2025-08-14,22:31:00,Canais Digitais,Web Portal,Fraude,341,8173.58,Baixa,Aberto,3,CUST2679,-33.89401253732786,-51.15381934659804,2025-08,0,8,2025
INC00273,2025-09-24,2025-09-24,18:43:00,Pagamentos,Mobile App,Degradação,178,3208.11,Baixa,Aberto,2,CUST6715,-33.80383332278175,-51.10009092322027,2025-09,0,9,2025
INC00274,2025-10-28,2025-10-28,17:05:00,Crédito,Web Portal,Erro,156,32025.58,Baixa,Aberto,1,CUST5886,-33.84510482586421,-51.11609085013479,2025-10,0,10,2025
INC00275,2025-01-08,2025-01-08,17:18:00,Investimentos,Mobile App,Roubo,335,34593.8,Média,Fechado,1,CUST8440,-33.820334326500884,-51.12602968655522,2025-01,0,1,2025
INC00276,2025-01-01,2025-01-01,21:36:00,Pagamentos,Atm Network,Roubo,30,24885.55,Média,Em Análise,0,CUST7821,-33.89562341528017,-51.112927369334784,2025-01,0,1,2025
INC00277,2025-08-05,2025-08-05,23:40:00,Fraudes,Payment Gateway,Degradação,387,15431.41,Baixa,Fechado,4,CUST4527,-33.84330541425203,-51.136596960739496,2025-08,0,8,2025
INC00278,2025-04-19,2025-04-19,02:27:00,Cartões,Atm Network,Roubo,119,19684.46,Baixa,Aberto,0,CUST7813,-33.8601790035882,-51.11563477434715,2025-04,0,4,2025
INC00279,2025-05-27,2025-05-27,09:50:00,Fraudes,Mobile App,Fraude,386,26211.68,Média,Aberto,4,CUST3745,-33.822803556565006,-51.173887315263855,2025-05,0,5,2025
INC00280,2025-08-03,2025-08-03,02:28:00,Canais Digitais,Mobile App,Fraude,288,9753.05,Média,Aberto,0,CUST5090,-33.896157435436095,-51.19022967888989,2025-08,0,8,2025
INC00281,2025-10-11,2025-10-11,21:14:00,Crédito,Atm Network,Roubo,391,11032.6,Baixa,Resolvido,4,CUST7158,-33.859830943143834,-51.13840679929133,2025-10,0,10,2025
INC00282,2024-09-03,2024-09-03,00:06:00,Canais Digitais,Core Banking,Degradação,79,18449.99,Alta,Em Análise,3,CUST9561,-33.82009265805138,-51.15653096073364,2024-09,0,9,2024
INC00283,2024-10-01,2024-10-01,11:48:00,Investimentos,Core Banking,Degradação,170,9398.04,Média,Resolvido,1,CUST8471,-33.84773027353616,-51.15735592047076,2024-10,0,10,2024
INC00284,2024-03-09,2024-03-09,20:30:00,Investimentos,Core Banking,Degradação,193,9689.13,Alta,Fechado,4,CUST4743,-33.84499612590014,-51.147325214757,2024-03,0,3,2024
INC00285,2025-02-26,2025-02-26,23:19:00,Crédito,Mobile App,Indisponibilidade,82,18985.63,Alta,Resolvido,3,CUST8008,-33.890283531803405,-51.16386173884345,2025-02,0,2,2025
INC00286,2024-01-27,2024-01-27,04:03:00,Pagamentos,Web Portal,Roubo,439,31559.9,Baixa,Em Análise,2,CUST4324,-33.886766944387986,-51.13739404685572,2024-01,0,1,2024
INC00287,2024-12-05,2024-12-05,11:19:00,Pagamentos,Mobile App,Degradação,94,30835.08,Baixa,Resolvido,0,CUST9632,-33.83230003946342,-51.19694316326524,2024-12,0,12,2024
INC00288,2025-01-31,2025-01-31,23:49:00,Investimentos,Web Portal,Fraude,180,16485.03,Média,Aberto,2,CUST4257,-33.83249533777101,-51.10301086581183,2025-01,0,1,2025
INC00289,2024-07-28,2024-07-28,16:50:00,Investimentos,Atm Network,Erro,25,14700.98,Baixa,Fechado,3,CUST1226,-33.80208966057477,-51.107529100795446,2024-07,0,7,2024
INC00290,2025-03-07,2025-03-07,08:35:00,Cartões,Payment Gateway,Erro,58,38626.25,Alta,Fechado,2,CUST3401,-33.82880470119344,-51.10647298374181,2025-03,1,3,2025
INC00291,2024-01-23,2024-01-23,20:33:00,Pagamentos,Web Portal,Degradação,188,23806.86,Média,Aberto,2,CUST5718,-33.85067565040665,-51.16349965044163,2024-01,0,1,2024
INC00292,2024-01-28,2024-01-28,03:01:00,Crédito,Core Banking,Erro,363,5084.76,Alta,Aberto,3,CUST2024,-33.814267217646645,-51.146810904234094,2024-01,0,1,2024
INC00293,2025-08-23,2025-08-23,14:33:00,Pagamentos,Mobile App,Erro,226,6914.59,Baixa,Aberto,1,CUST6672,-33.8895527014184,-51.10458693969424,2025-08,0,8,2025
INC00294,2024-09-19,2024-09-19,03:05:00,Cartões,Atm Network,Indisponibilidade,319,25411.01,Baixa,Em Análise,4,CUST8727,-33.85507041791037,-51.10976539435724,2024-09,0,9,2024
INC00295,2024-04-02,2024-04-02,06:41:00,Canais Digitais,Core Banking,Fraude,332,29927.9,Média,Resolvido,0,CUST6280,-33.87128908890724,-51.12097555240989,2024-04,0,4,2024
INC00296,2025-01-16,2025-01-16,18:50:00,Investimentos,Atm Network,Fraude,183,2415.76,Baixa,Fechado,4,CUST1870,-33.88953621930724,-51.159266841015246,2025-01,0,1,2025
INC00297,2025-07-16,2025-07-16,21:11:00,Investimentos,Payment Gateway,Indisponibilidade,280,14443.43,Média,Resolvido,0,CUST4199,-33.82364979152796,-51.14356607768178,2025-07,0,7,2025
INC00298,2024-06-06,2024-06-06,02:44:00,Cartões,Mobile App,Indisponibilidade,116,7338.86,Alta,Aberto,4,CUST2745,-33.84892079695011,-51.12070875257834,2024-06,0,6,2024
INC00299,2025-03-30,2025-03-30,17:39:00,Crédito,Mobile App,Erro,228,18833.32,Baixa,Aberto,2,CUST6270,-33.844323128010245,-51.172698800446,2025-03,0,3,2025
INC00300,2024-03-03,2024-03-03,20:14:00,Investimentos,Payment Gateway,Roubo,218,37838.6,Média,Resolvido,1,CUST9635,-33.858874481208964,-51.13735506317719,2024-03,0,3,2024
INC00301,2024-02-07,2024-02-07,00:34:00,Fraudes,Mobile App,Erro,63,5045.76,Baixa,Fechado,2,CUST6886,-33.85396627683973,-51.11720656751481,2024-02,0,2,2024
INC00302,2025-01-22,2025-01-22,07:35:00,Investimentos,Web Portal,Indisponibilidade,331,9779.75,Baixa,Em Análise,1,CUST6590,-33.8883982612877,-51.12925452082671,2025-01,0,1,2025
INC00303,2025-01-29,2025-01-29,15:29:00,Fraudes,Atm Network,Fraude,397,13521.72,Crítica,Resolvido,3,CUST8897,-33.8327082175713,-51.1520519368809,2025-01,0,1,2025
INC00304,2025-04-10,2025-04-10,22:41:00,Cartões,Core Banking,Erro,113,5245.26,Crítica,Aberto,0,CUST9664,-33.85675526403948,-51.14153916404449,2025-04,0,4,2025
INC00305,2025-06-14,2025-06-14,11:13:00,Cartões,Payment Gateway,Roubo,389,2376.18,Média,Aberto,0,CUST9271,-33.81832324268704,-51.10113244568542,2025-06,0,6,2025
INC00306,2025-12-13,2025-12-13,13:01:00,Investimentos,Web Portal,Erro,161,7698.2,Alta,Em Análise,3,CUST6158,-33.88037127998569,-51.13980122053528,2025-12,0,12,2025
INC00307,2025-01-11,2025-01-11,22:36:00,Pagamentos,Core Banking,Degradação,195,56485.68,Média,Resolvido,4,CUST9431,-33.87949449065812,-51.12143822459814,2025-01,1,1,2025
INC00308,2024-08-23,2024-08-23,04:37:00,Fraudes,Core Banking,Erro,204,12592.69,Baixa,Em Análise,3,CUST1589,-33.83542404284693,-51.12733952356224,2024-08,0,8,2024
INC00309,2025-08-03,2025-08-03,12:40:00,Crédito,Payment Gateway,Indisponibilidade,316,12714.27,Baixa,Em Análise,3,CUST2884,-33.81539965766026,-51.12985093844706,2025-08,0,8,2025
INC00310,2024-07-16,2024-07-16,21:59:00,Investimentos,Web Portal,Fraude,200,25244.28,Alta,Fechado,1,CUST6399,-33.85278021613818,-51.1283630944886,2024-07,0,7,2024
INC00311,2024-11-16,2024-11-16,14:13:00,Crédito,Core Banking,Fraude,39,14055.65,Baixa,Fechado,3,CUST9503,-33.827304613126685,-51.15455902487186,2024-11,0,11,2024
INC00312,2024-02-27,2024-02-27,23:38:00,Investimentos,Core Banking,Indisponibilidade,383,40008.13,Média,Aberto,0,CUST2076,-33.800067007850686,-51.15258398254819,2024-02,1,2,2024
INC00313,2024-01-19,2024-01-19,19:01:00,Pagamentos,Web Portal,Degradação,391,18474.37,Média,Resolvido,2,CUST8235,-33.80097343602711,-51.15321372626392,2024-01,0,1,2024
INC00314,2025-12-03,2025-12-03,06:05:00,Pagamentos,Mobile App,Indisponibilidade,250,8516.11,Média,Fechado,1,CUST7837,-33.82556631571783,-51.19667453927874,2025-12,0,12,2025
INC00315,2025-09-02,2025-09-02,16:58:00,Pagamentos,Core Banking,Erro,241,26319.98,Baixa,Aberto,1,CUST1033,-33.826041351032174,-51.17589346696677,2025-09,0,9,2025
INC00316,2025-05-23,2025-05-23,01:34:00,Canais Digitais,Atm Network,Indisponibilidade,108,4672.3,Baixa,Resolvido,4,CUST2841,-33.875238111280105,-51.184543599335015,2025-05,0,5,2025
INC00317,2024-10-25,2024-10-25,04:04:00,Pagamentos,Web Portal,Indisponibilidade,11,11525.89,Baixa,Aberto,2,CUST5481,-33.81664603684562,-51.11135549886028,2024-10,0,10,2024
INC00318,2024-05-06,2024-05-06,00:39:00,Cartões,Core Banking,Degradação,287,6769.85,Média,Fechado,1,CUST9440,-33.85948978729529,-51.17250306335471,2024-05,0,5,2024
INC00319,2024-04-24,2024-04-24,11:55:00,Cartões,Payment Gateway,Erro,5,5682.87,Média,Aberto,3,CUST2134,-33.803800609013315,-51.186155736553445,2024-04,0,4,2024
INC00320,2024-07-01,2024-07-01,03:44:00,Canais Digitais,Atm Network,Roubo,223,34259.75,Média,Resolvido,1,CUST8261,-33.89185723112931,-51.18802330680892,2024-07,0,7,2024
INC00321,2025-02-04,2025-02-04,22:46:00,Fraudes,Core Banking,Roubo,468,29629.67,Média,Resolvido,1,CUST6298,-33.856415963112724,-51.13000101654479,2025-02,0,2,2025
INC00322,2025-06-05,2025-06-05,10:09:00,Crédito,Atm Network,Fraude,234,18790.19,Baixa,Aberto,1,CUST8017,-33.844415951231646,-51.1993916689085,2025-06,0,6,2025
INC00323,2025-04-26,2025-04-26,02:53:00,Investimentos,Atm Network,Indisponibilidade,459,50485.64,Alta,Resolvido,4,CUST8771,-33.85948437929138,-51.15286955982435,2025-04,1,4,2025
INC00324,2024-07-23,2024-07-23,13:15:00,Investimentos,Mobile App,Fraude,176,8044.32,Média,Aberto,1,CUST9567,-33.87894208094951,-51.18811288944018,2024-07,0,7,2024
INC00325,2025-11-28,2025-11-28,09:28:00,Canais Digitais,Atm Network,Degradação,91,26042.0,Baixa,Resolvido,1,CUST9915,-33.84070115112175,-51.115033662236414,2025-11,0,11,2025
INC00326,2025-06-22,2025-06-22,09:11:00,Cartões,Mobile App,Roubo,45,39451.77,Baixa,Aberto,4,CUST2913,-33.824408208537484,-51.10415496435476,2025-06,1,6,2025
INC00327,2025-02-08,2025-02-08,08:00:00,Investimentos,Web Portal,Indisponibilidade,127,17635.23,Alta,Aberto,2,CUST5297,-33.83551614039798,-51.104124538378514,2025-02,0,2,2025
INC00328,2025-03-22,2025-03-22,04:19:00,Cartões,Mobile App,Degradação,335,14951.86,Alta,Aberto,0,CUST2942,-33.8765551151192,-51.155803589105325,2025-03,0,3,2025
INC00329,2024-11-02,2024-11-02,07:42:00,Fraudes,Payment Gateway,Degradação,302,9602.07,Baixa,Em Análise,4,CUST5004,-33.82683920556315,-51.13554851755652,2024-11,0,11,2024
INC00330,2024-06-29,2024-06-29,11:00:00,Crédito,Core Banking,Indisponibilidade,377,25993.38,Média,Resolvido,4,CUST2331,-33.87431021939554,-51.14002958634893,2024-06,0,6,2024
INC00331,2024-09-16,2024-09-16,21:19:00,Fraudes,Web Portal,Degradação,421,4029.3,Baixa,Fechado,1,CUST8890,-33.88247976370759,-51.164996109861406,2024-09,0,9,2024
INC00332,2025-07-07,2025-07-07,10:36:00,Canais Digitais,Web Portal,Indisponibilidade,182,2513.52,Baixa,Aberto,1,CUST5588,-33.83093319845612,-51.15559355085795,2025-07,0,7,2025
INC00333,2024-01-11,2024-01-11,14:36:00,Pagamentos,Payment Gateway,Indisponibilidade,67,22450.54,Média,Em Análise,0,CUST1337,-33.815721275388604,-51.19356763027668,2024-01,0,1,2024
INC00334,2024-03-25,2024-03-25,11:36:00,Pagamentos,Mobile App,Erro,169,7445.43,Média,Fechado,1,CUST8066,-33.85184605523034,-51.12043009673285,2024-03,0,3,2024
INC00335,2024-02-03,2024-02-03,16:48:00,Pagamentos,Core Banking,Fraude,191,8305.45,Média,Aberto,3,CUST8813,-33.84686082068615,-51.17591964878454,2024-02,0,2,2024
INC00336,2024-01-30,2024-01-30,23:43:00,Fraudes,Mobile App,Degradação,387,6389.14,Baixa,Fechado,1,CUST9983,-33.869725242952875,-51.15394726688636,2024-01,0,1,2024
INC00337,2025-09-16,2025-09-16,23:27:00,Investimentos,Atm Network,Degradação,213,18918.43,Baixa,Em Análise,1,CUST4611,-33.850538198489,-51.15193792663834,2025-09,0,9,2025
INC00338,2025-05-28,2025-05-28,14:14:00,Crédito,Mobile App,Erro,231,17167.26,Baixa,Fechado,3,CUST4700,-33.88680170019876,-51.14392882608487,2025-05,0,5,2025
INC00339,2024-12-12,2024-12-12,05:43:00,Pagamentos,Web Portal,Erro,436,6205.91,Baixa,Aberto,0,CUST7118,-33.804416917031695,-51.1182123362112,2024-12,0,12,2024
INC00340,2024-03-12,2024-03-12,19:49:00,Canais Digitais,Core Banking,Erro,393,16667.95,Baixa,Fechado,3,CUST8105,-33.81996393463434,-51.130811895381626,2024-03,0,3,2024
INC00341,2024-12-24,2024-12-24,13:01:00,Canais Digitais,Mobile App,Roubo,52,17963.63,Baixa,Fechado,4,CUST3673,-33.83320269391778,-51.13369369508708,2024-12,0,12,2024
INC00342,2024-12-11,2024-12-11,08:36:00,Pagamentos,Core Banking,Roubo,228,12672.43,Baixa,Aberto,3,CUST3122,-33.84618056283156,-51.14732545041951,2024-12,0,12,2024
INC00343,2024-05-06,2024-05-06,19:25:00,Pagamentos,Core Banking,Roubo,7,30768.26,Baixa,Em Análise,2,CUST8082,-33.820783086377205,-51.19040442450535,2024-05,0,5,2024
INC00344,2024-11-12,2024-11-12,00:54:00,Crédito,Atm Network,Indisponibilidade,376,13684.06,Média,Em Análise,4,CUST9250,-33.85052427604142,-51.159799152834914,2024-11,0,11,2024
INC00345,2024-10-17,2024-10-17,02:05:00,Pagamentos,Atm Network,Degradação,179,21384.39,Baixa,Fechado,1,CUST3062,-33.870002609184546,-51.10426831487094,2024-10,0,10,2024
INC00346,2025-03-25,2025-03-25,04:52:00,Crédito,Web Portal,Fraude,450,14152.36,Baixa,Resolvido,4,CUST2254,-33.883962576483334,-51.10044519247118,2025-03,0,3,2025
INC00347,2025-04-08,2025-04-08,04:32:00,Canais Digitais,Payment Gateway,Indisponibilidade,103,17601.59,Média,Fechado,0,CUST4688,-33.83524144111982,-51.12695018538991,2025-04,0,4,2025
INC00348,2024-02-03,2024-02-03,16:50:00,Pagamentos,Core Banking,Degradação,120,13834.54,Baixa,Resolvido,0,CUST4748,-33.80705742549735,-51.17724850369254,2024-02,0,2,2024
INC00349,2024-09-30,2024-09-30,13:11:00,Fraudes,Payment Gateway,Degradação,274,6608.99,Média,Fechado,3,CUST7342,-33.884638144649564,-51.18981093539966,2024-09,0,9,2024
INC00350,2025-04-01,2025-04-01,09:19:00,Fraudes,Web Portal,Erro,451,11147.86,Baixa,Em Análise,4,CUST5130,-33.88199819549492,-51.15852356409538,2025-04,0,4,2025
INC00351,2025-01-02,2025-01-02,20:49:00,Canais Digitais,Core Banking,Erro,372,31979.14,Baixa,Fechado,1,CUST5257,-33.85663939665904,-51.11434280976407,2025-01,0,1,2025
INC00352,2025-09-17,2025-09-17,23:58:00,Crédito,Core Banking,Indisponibilidade,257,38412.91,Baixa,Fechado,0,CUST4029,-33.81931006520803,-51.1278135760105,2025-09,0,9,2025
INC00353,2025-04-25,2025-04-25,10:33:00,Fraudes,Payment Gateway,Erro,321,21289.76,Baixa,Resolvido,1,CUST3846,-33.87060772710285,-51.11161077624589,2025-04,0,4,2025
INC00354,2024-04-28,2024-04-28,17:28:00,Crédito,Mobile App,Degradação,419,18544.25,Média,Em Análise,2,CUST9662,-33.87460870753299,-51.13842236853024,2024-04,0,4,2024
INC00355,2024-02-21,2024-02-21,06:30:00,Fraudes,Atm Network,Erro,99,4245.61,Alta,Resolvido,0,CUST5035,-33.83800337085371,-51.18696716354104,2024-02,0,2,2024
INC00356,2025-04-13,2025-04-13,23:46:00,Fraudes,Mobile App,Roubo,277,18246.99,Baixa,Fechado,3,CUST3899,-33.846438521812566,-51.18852040330019,2025-04,0,4,2025
INC00357,2024-01-20,2024-01-20,10:49:00,Crédito,Payment Gateway,Erro,384,5759.83,Baixa,Aberto,2,CUST5443,-33.89397796355547,-51.19519976973699,2024-01,0,1,2024
INC00358,2025-03-03,2025-03-03,22:43:00,Investimentos,Atm Network,Degradação,28,11812.23,Média,Fechado,4,CUST5789,-33.89185100226907,-51.14329200294265,2025-03,0,3,2025
INC00359,2025-11-17,2025-11-17,05:19:00,Fraudes,Mobile App,Indisponibilidade,120,18406.43,Baixa,Fechado,1,CUST1912,-33.83569870198152,-51.17571137633752,2025-11,0,11,2025
INC00360,2025-02-24,2025-02-24,22:44:00,Pagamentos,Atm Network,Fraude,155,9012.84,Alta,Resolvido,0,CUST5242,-33.85348764008522,-51.126561635864505,2025-02,0,2,2025
INC00361,2024-10-10,2024-10-10,19:15:00,Canais Digitais,Core Banking,Erro,342,17206.9,Baixa,Aberto,2,CUST8541,-33.80290228084108,-51.13137500641425,2024-10,0,10,2024
INC00362,2025-04-14,2025-04-14,17:41:00,Investimentos,Mobile App,Degradação,54,11278.66,Crítica,Aberto,2,CUST2711,-33.83214685892699,-51.16818892575917,2025-04,0,4,2025
INC00363,2024-11-30,2024-11-30,22:07:00,Crédito,Atm Network,Fraude,210,17580.63,Baixa,Resolvido,0,CUST9866,-33.898992633800674,-51.1823198333536,2024-11,0,11,2024
INC00364,2025-02-02,2025-02-02,17:20:00,Investimentos,Atm Network,Fraude,339,55243.59,Baixa,Em Análise,4,CUST2439,-33.85189812201995,-51.1897599650204,2025-02,1,2,2025
INC00365,2025-11-18,2025-11-18,00:54:00,Cartões,Atm Network,Roubo,83,27550.5,Alta,Aberto,4,CUST6613,-33.85855520649645,-51.12626847261869,2025-11,0,11,2025
INC00366,2024-10-08,2024-10-08,07:28:00,Cartões,Mobile App,Fraude,74,12016.2,Média,Aberto,3,CUST4630,-33.88932861400062,-51.15495590045741,2024-10,0,10,2024
INC00367,2025-12-02,2025-12-02,05:04:00,Fraudes,Web Portal,Degradação,31,46531.15,Média,Resolvido,4,CUST6375,-33.80767911641278,-51.167647008582186,2025-12,1,12,2025
INC00368,2025-10-22,2025-10-22,14:21:00,Fraudes,Mobile App,Degradação,275,27049.49,Média,Em Análise,3,CUST8103,-33.81949887009183,-51.11433469841937,2025-10,0,10,2025
INC00369,2024-05-22,2024-05-22,14:33:00,Pagamentos,Payment Gateway,Erro,54,9124.76,Média,Em Análise,2,CUST9877,-33.876991409157995,-51.140638678343066,2024-05,0,5,2024
INC00370,2024-02-20,2024-02-20,00:54:00,Canais Digitais,Mobile App,Erro,296,8352.35,Baixa,Fechado,0,CUST5216,-33.8744019241157,-51.14819976636034,2024-02,0,2,2024
INC00371,2024-03-14,2024-03-14,22:25:00,Investimentos,Atm Network,Erro,251,28261.45,Média,Fechado,4,CUST3466,-33.89679819466805,-51.12566208350244,2024-03,0,3,2024
INC00372,2024-01-14,2024-01-14,10:09:00,Cartões,Core Banking,Fraude,268,16376.89,Baixa,Resolvido,3,CUST8824,-33.87032825484209,-51.11844168597647,2024-01,0,1,2024
INC00373,2024-03-09,2024-03-09,17:17:00,Fraudes,Mobile App,Fraude,83,5666.22,Alta,Em Análise,2,CUST5124,-33.841537799108664,-51.13139268445773,2024-03,0,3,2024
INC00374,2025-05-13,2025-05-13,16:25:00,Canais Digitais,Mobile App,Roubo,391,14862.29,Crítica,Resolvido,4,CUST1965,-33.85791566116133,-51.15599936814007,2025-05,0,5,2025
INC00375,2024-02-21,2024-02-21,07:46:00,Investimentos,Atm Network,Erro,194,10371.04,Baixa,Fechado,1,CUST7928,-33.80307445362803,-51.16207012073279,2024-02,0,2,2024
INC00376,2024-08-20,2024-08-20,07:48:00,Fraudes,Core Banking,Indisponibilidade,51,7442.64,Baixa,Resolvido,2,CUST7096,-33.89439198307363,-51.12283350617273,2024-08,0,8,2024
INC00377,2025-09-08,2025-09-08,11:26:00,Fraudes,Core Banking,Roubo,465,12829.33,Baixa,Resolvido,4,CUST7157,-33.8408569841101,-51.14820928393598,2025-09,0,9,2025
INC00378,2024-01-17,2024-01-17,07:24:00,Cartões,Payment Gateway,Indisponibilidade,365,15644.17,Baixa,Aberto,2,CUST9120,-33.81416905594929,-51.12956139214826,2024-01,0,1,2024
INC00379,2025-08-17,2025-08-17,13:03:00,Cartões,Mobile App,Fraude,358,42404.15,Alta,Aberto,0,CUST2508,-33.85192590875903,-51.11096012109195,2025-08,1,8,2025
INC00380,2024-07-24,2024-07-24,00:00:00,Fraudes,Core Banking,Roubo,476,30473.18,Baixa,Aberto,0,CUST1871,-33.89970372794396,-51.10841093652633,2024-07,0,7,2024
INC00381,2024-03-27,2024-03-27,18:30:00,Crédito,Core Banking,Roubo,356,14465.03,Baixa,Fechado,0,CUST1863,-33.87571985001737,-51.17222843607595,2024-03,0,3,2024
INC00382,2025-05-23,2025-05-23,15:13:00,Fraudes,Web Portal,Degradação,193,2388.29,Alta,Resolvido,1,CUST4055,-33.8676231024332,-51.18121100497275,2025-05,0,5,2025
INC00383,2025-04-04,2025-04-04,20:47:00,Canais Digitais,Web Portal,Fraude,420,7723.46,Alta,Aberto,0,CUST6133,-33.803400550544254,-51.17387126396632,2025-04,0,4,2025
INC00384,2025-10-02,2025-10-02,04:40:00,Fraudes,Core Banking,Fraude,260,14315.46,Média,Aberto,1,CUST3682,-33.80882267181613,-51.12486282294645,2025-10,0,10,2025
INC00385,2025-06-20,2025-06-20,01:49:00,Pagamentos,Payment Gateway,Roubo,226,4440.55,Média,Aberto,0,CUST6278,-33.80508294948923,-51.16299419639539,2025-06,0,6,2025
INC00386,2025-08-09,2025-08-09,05:08:00,Pagamentos,Core Banking,Fraude,376,11402.67,Média,Fechado,2,CUST6448,-33.8174241542383,-51.18266107191587,2025-08,0,8,2025
INC00387,2024-07-24,2024-07-24,00:40:00,Pagamentos,Atm Network,Roubo,245,23127.36,Crítica,Fechado,4,CUST1613,-33.86483522658861,-51.19016145074931,2024-07,0,7,2024
INC00388,2024-05-09,2024-05-09,15:12:00,Crédito,Mobile App,Degradação,273,22203.27,Média,Resolvido,4,CUST2872,-33.80941235779038,-51.16726868111704,2024-05,0,5,2024
INC00389,2025-07-01,2025-07-01,08:52:00,Crédito,Payment Gateway,Roubo,5,8325.21,Média,Resolvido,0,CUST8723,-33.801831549406295,-51.18638635596495,2025-07,0,7,2025
INC00390,2025-08-11,2025-08-11,12:30:00,Fraudes,Atm Network,Fraude,38,13415.78,Baixa,Resolvido,4,CUST8189,-33.864992868772504,-51.18436263874667,2025-08,0,8,2025
INC00391,2025-12-24,2025-12-24,08:10:00,Pagamentos,Payment Gateway,Fraude,450,13379.33,Baixa,Aberto,0,CUST6386,-33.87394440340135,-51.131611602655376,2025-12,0,12,2025
INC00392,2024-10-28,2024-10-28,03:33:00,Crédito,Atm Network,Roubo,83,34520.89,Média,Em Análise,0,CUST7942,-33.845308370721774,-51.19802679043316,2024-10,0,10,2024
INC00393,2024-09-28,2024-09-28,05:45:00,Cartões,Mobile App,Roubo,240,21020.17,Alta,Fechado,3,CUST9759,-33.8812847807401,-51.18824467383746,2024-09,0,9,2024
INC00394,2025-07-20,2025-07-20,03:37:00,Fraudes,Mobile App,Roubo,338,7648.17,Alta,Aberto,3,CUST1244,-33.89673757785936,-51.11556345087869,2025-07,0,7,2025
INC00395,2024-09-05,2024-09-05,18:05:00,Canais Digitais,Web Portal,Erro,381,15685.03,Crítica,Aberto,3,CUST1020,-33.80541688288841,-51.11550859149818,2024-09,0,9,2024
INC00396,2025-11-10,2025-11-10,01:17:00,Investimentos,Atm Network,Fraude,353,17640.77,Média,Resolvido,1,CUST9585,-33.807425936755855,-51.16707565212364,2025-11,0,11,2025
INC00397,2025-09-18,2025-09-18,12:40:00,Fraudes,Web Portal,Fraude,102,19930.43,Média,Resolvido,3,CUST6767,-33.88373461462378,-51.19120469916313,2025-09,0,9,2025
INC00398,2024-11-09,2024-11-09,22:18:00,Investimentos,Atm Network,Erro,86,10255.31,Alta,Aberto,0,CUST4515,-33.85922597530703,-51.129502966619285,2024-11,0,11,2024
INC00399,2025-07-02,2025-07-02,12:10:00,Pagamentos,Web Portal,Roubo,459,25745.62,Média,Fechado,2,CUST2910,-33.81689636867273,-51.163986831222616,2025-07,0,7,2025
INC00400,2025-07-04,2025-07-04,00:23:00,Investimentos,Mobile App,Degradação,419,10549.07,Baixa,Fechado,3,CUST9481,-33.83389997011791,-51.19545353727951,2025-07,0,7,2025
INC00401,2024-03-16,2024-03-16,21:06:00,Pagamentos,Payment Gateway,Roubo,196,34946.14,Baixa,Aberto,3,CUST6882,-33.86052124908293,-51.18421730187002,2024-03,0,3,2024
INC00402,2025-10-20,2025-10-20,20:14:00,Cartões,Web Portal,Roubo,257,19809.28,Alta,Em Análise,2,CUST9552,-33.82558290028172,-51.1862785188036,2025-10,0,10,2025
INC00403,2025-01-03,2025-01-03,00:11:00,Investimentos,Atm Network,Erro,413,16058.38,Baixa,Em Análise,0,CUST9076,-33.81029526117898,-51.14108836561724,2025-01,0,1,2025
INC00404,2025-08-26,2025-08-26,06:14:00,Fraudes,Atm Network,Fraude,42,30592.72,Alta,Fechado,1,CUST2622,-33.80738416694741,-51.11018824163965,2025-08,0,8,2025
INC00405,2024-08-21,2024-08-21,20:18:00,Pagamentos,Mobile App,Roubo,18,6485.44,Baixa,Resolvido,3,CUST5314,-33.86211503880778,-51.120692796667655,2024-08,0,8,2024
INC00406,2025-10-15,2025-10-15,00:48:00,Fraudes,Atm Network,Fraude,396,34323.91,Média,Em Análise,2,CUST3453,-33.88264393199272,-51.14534839549828,2025-10,0,10,2025
INC00407,2024-10-11,2024-10-11,16:34:00,Crédito,Core Banking,Indisponibilidade,351,30341.82,Média,Em Análise,0,CUST3015,-33.8087161141806,-51.15778448350726,2024-10,0,10,2024
INC00408,2024-01-08,2024-01-08,11:37:00,Pagamentos,Payment Gateway,Fraude,314,25247.54,Média,Resolvido,4,CUST3800,-33.890744455413895,-51.13813232909312,2024-01,0,1,2024
INC00409,2025-10-22,2025-10-22,10:34:00,Investimentos,Web Portal,Degradação,390,8963.84,Baixa,Em Análise,1,CUST9772,-33.82783116087718,-51.155618725902,2025-10,0,10,2025
INC00410,2024-03-07,2024-03-07,07:45:00,Pagamentos,Payment Gateway,Degradação,213,26770.94,Alta,Aberto,2,CUST7752,-33.88595026851392,-51.17539008774237,2024-03,0,3,2024
INC00411,2024-08-21,2024-08-21,13:09:00,Fraudes,Mobile App,Roubo,361,35964.2,Média,Em Análise,2,CUST8453,-33.86106131453323,-51.132080254464775,2024-08,0,8,2024
INC00412,2025-11-24,2025-11-24,01:45:00,Cartões,Web Portal,Fraude,466,18193.81,Baixa,Resolvido,2,CUST3853,-33.858844425345495,-51.11267560542587,2025-11,0,11,2025
INC00413,2025-11-24,2025-11-24,08:02:00,Pagamentos,Web Portal,Roubo,93,19847.88,Média,Aberto,3,CUST3236,-33.88412420848879,-51.16271296693191,2025-11,0,11,2025
INC00414,2025-02-22,2025-02-22,20:25:00,Investimentos,Core Banking,Erro,60,9377.83,Baixa,Em Análise,4,CUST5176,-33.80773185659934,-51.11584615323087,2025-02,0,2,2025
INC00415,2025-04-06,2025-04-06,07:47:00,Crédito,Mobile App,Degradação,98,20690.73,Baixa,Fechado,1,CUST3155,-33.89973318319907,-51.156891795351655,2025-04,0,4,2025
INC00416,2024-11-23,2024-11-23,01:05:00,Canais Digitais,Atm Network,Roubo,97,7532.07,Baixa,Aberto,0,CUST6698,-33.81061914567833,-51.15986640569006,2024-11,0,11,2024
INC00417,2024-08-02,2024-08-02,20:28:00,Cartões,Core Banking,Erro,344,26133.04,Alta,Aberto,0,CUST7829,-33.81161706765245,-51.1971675642453,2024-08,0,8,2024
INC00418,2024-08-27,2024-08-27,11:04:00,Crédito,Core Banking,Roubo,89,22410.46,Média,Fechado,4,CUST9537,-33.868303634630195,-51.13047210986326,2024-08,0,8,2024
INC00419,2025-05-05,2025-05-05,01:47:00,Pagamentos,Payment Gateway,Fraude,449,10193.24,Média,Fechado,2,CUST2886,-33.82957157301207,-51.11924974748862,2025-05,0,5,2025
INC00420,2025-07-03,2025-07-03,04:14:00,Fraudes,Payment Gateway,Fraude,249,28726.53,Baixa,Em Análise,2,CUST7471,-33.87471910887017,-51.13364430804415,2025-07,0,7,2025
INC00421,2025-07-31,2025-07-31,11:35:00,Fraudes,Payment Gateway,Fraude,26,15072.09,Baixa,Em Análise,2,CUST9746,-33.8241226437746,-51.184863904860805,2025-07,0,7,2025
INC00422,2025-07-30,2025-07-30,14:42:00,Investimentos,Core Banking,Fraude,295,17724.32,Crítica,Resolvido,2,CUST4770,-33.84388802582122,-51.18967065324474,2025-07,0,7,2025
INC00423,2024-03-07,2024-03-07,15:22:00,Fraudes,Atm Network,Indisponibilidade,276,17067.53,Média,Resolvido,2,CUST9391,-33.869977454575235,-51.14271412483815,2024-03,0,3,2024
INC00424,2024-12-26,2024-12-26,05:45:00,Cartões,Web Portal,Erro,310,15064.0,Alta,Aberto,4,CUST3940,-33.85997652463623,-51.15984837458154,2024-12,0,12,2024
INC00425,2024-02-12,2024-02-12,17:43:00,Fraudes,Payment Gateway,Erro,126,10142.98,Baixa,Fechado,3,CUST4490,-33.831011126776154,-51.15709022165144,2024-02,0,2,2024
INC00426,2025-02-05,2025-02-05,10:44:00,Investimentos,Atm Network,Fraude,132,20671.48,Baixa,Fechado,1,CUST8899,-33.809390255035616,-51.1032199753257,2025-02,0,2,2025
INC00427,2024-11-18,2024-11-18,20:22:00,Canais Digitais,Mobile App,Indisponibilidade,117,27607.36,Alta,Resolvido,2,CUST1306,-33.88692734834327,-51.1276077328807,2024-11,0,11,2024
INC00428,2025-10-10,2025-10-10,10:54:00,Pagamentos,Payment Gateway,Fraude,431,25981.47,Média,Aberto,3,CUST4075,-33.84286360303308,-51.158821226079226,2025-10,0,10,2025
INC00429,2024-09-13,2024-09-13,15:46:00,Pagamentos,Web Portal,Indisponibilidade,277,6741.25,Baixa,Aberto,0,CUST2656,-33.87462708005429,-51.19809007201583,2024-09,0,9,2024
INC00430,2024-03-26,2024-03-26,20:59:00,Fraudes,Mobile App,Fraude,340,15064.6,Baixa,Resolvido,4,CUST8244,-33.81986277501245,-51.19659043021468,2024-03,0,3,2024
INC00431,2024-04-14,2024-04-14,14:24:00,Crédito,Mobile App,Degradação,446,8576.67,Alta,Resolvido,3,CUST7611,-33.89297626941305,-51.13151963043541,2024-04,0,4,2024
INC00432,2025-07-09,2025-07-09,03:10:00,Pagamentos,Web Portal,Degradação,134,18659.44,Baixa,Resolvido,2,CUST7322,-33.83110442098288,-51.11622612404823,2025-07,0,7,2025
INC00433,2025-03-27,2025-03-27,18:14:00,Canais Digitais,Payment Gateway,Roubo,136,4471.44,Média,Em Análise,2,CUST3692,-33.8825053986309,-51.12922973704503,2025-03,0,3,2025
INC00434,2024-03-14,2024-03-14,03:20:00,Fraudes,Core Banking,Fraude,89,4617.27,Baixa,Aberto,2,CUST2764,-33.84036145815968,-51.15941122473953,2024-03,0,3,2024
INC00435,2024-03-02,2024-03-02,12:21:00,Investimentos,Web Portal,Erro,427,10116.78,Baixa,Aberto,3,CUST1275,-33.816430741280726,-51.19688642620695,2024-03,0,3,2024
INC00436,2025-05-26,2025-05-26,18:33:00,Canais Digitais,Web Portal,Roubo,354,35459.04,Crítica,Aberto,2,CUST6271,-33.82449193378783,-51.10325983697648,2025-05,0,5,2025
INC00437,2024-02-23,2024-02-23,13:03:00,Fraudes,Web Portal,Degradação,394,17725.06,Baixa,Resolvido,3,CUST8331,-33.82470571123164,-51.10136639378419,2024-02,0,2,2024
INC00438,2025-08-22,2025-08-22,15:52:00,Canais Digitais,Mobile App,Fraude,85,9525.83,Média,Resolvido,2,CUST6025,-33.848215468781305,-51.14506354485557,2025-08,0,8,2025
INC00439,2025-05-30,2025-05-30,19:45:00,Pagamentos,Atm Network,Roubo,477,22355.13,Alta,Resolvido,0,CUST5050,-33.810925440815026,-51.19293290353049,2025-05,0,5,2025
INC00440,2024-02-29,2024-02-29,14:27:00,Investimentos,Core Banking,Fraude,329,19606.53,Baixa,Resolvido,0,CUST9080,-33.8411894801758,-51.14590274940856,2024-02,0,2,2024
INC00441,2024-03-02,2024-03-02,02:07:00,Fraudes,Payment Gateway,Degradação,73,38545.48,Baixa,Fechado,1,CUST4460,-33.80824820314504,-51.11076615297792,2024-03,1,3,2024
INC00442,2025-12-21,2025-12-21,15:41:00,Cartões,Payment Gateway,Roubo,152,19666.13,Média,Resolvido,2,CUST4835,-33.84534775421675,-51.13200144898718,2025-12,0,12,2025
INC00443,2024-09-30,2024-09-30,03:29:00,Investimentos,Atm Network,Degradação,452,12969.74,Baixa,Em Análise,2,CUST5278,-33.849403443697994,-51.12800107689673,2024-09,0,9,2024
INC00444,2024-09-27,2024-09-27,17:01:00,Cartões,Web Portal,Indisponibilidade,20,26802.14,Baixa,Fechado,3,CUST2844,-33.87776469807897,-51.191503016256775,2024-09,0,9,2024
INC00445,2025-08-16,2025-08-16,16:12:00,Canais Digitais,Core Banking,Degradação,311,6697.71,Baixa,Fechado,3,CUST1071,-33.845521334596974,-51.18934883629682,2025-08,0,8,2025
INC00446,2025-11-22,2025-11-22,03:25:00,Crédito,Payment Gateway,Fraude,109,13786.72,Média,Resolvido,2,CUST8386,-33.88594151687511,-51.18726512236241,2025-11,0,11,2025
INC00447,2025-12-20,2025-12-20,10:06:00,Investimentos,Payment Gateway,Erro,169,11084.85,Média,Aberto,1,CUST7862,-33.81303097987404,-51.10956231663391,2025-12,0,12,2025
INC00448,2025-07-03,2025-07-03,11:09:00,Canais Digitais,Web Portal,Degradação,205,8058.06,Média,Resolvido,2,CUST8340,-33.832410811129165,-51.14741503637362,2025-07,0,7,2025
INC00449,2024-10-01,2024-10-01,06:12:00,Cartões,Atm Network,Erro,201,10189.52,Baixa,Aberto,3,CUST8635,-33.8006364551507,-51.1208424903607,2024-10,0,10,2024
INC00450,2024-03-01,2024-03-01,06:55:00,Pagamentos,Core Banking,Indisponibilidade,430,12723.51,Média,Resolvido,2,CUST2043,-33.89079025722095,-51.18847087401164,2024-03,0,3,2024
INC00451,2025-07-21,2025-07-21,16:41:00,Pagamentos,Atm Network,Roubo,189,19126.41,Crítica,Resolvido,3,CUST4042,-33.87593272501547,-51.10723572944914,2025-07,0,7,2025
INC00452,2025-02-11,2025-02-11,09:55:00,Crédito,Atm Network,Roubo,326,2413.34,Média,Aberto,2,CUST1814,-33.812284139573386,-51.11788579085028,2025-02,0,2,2025
INC00453,2024-11-05,2024-11-05,03:19:00,Investimentos,Core Banking,Erro,269,15504.76,Média,Aberto,4,CUST6622,-33.86047459002311,-51.17752358552247,2024-11,0,11,2024
INC00454,2025-10-23,2025-10-23,03:53:00,Investimentos,Core Banking,Roubo,367,18787.35,Média,Aberto,3,CUST8332,-33.85336970100181,-51.11258177667061,2025-10,0,10,2025
INC00455,2024-03-22,2024-03-22,06:53:00,Investimentos,Payment Gateway,Degradação,104,29062.45,Alta,Aberto,1,CUST1309,-33.813934811261234,-51.173655724060325,2024-03,0,3,2024
INC00456,2024-12-25,2024-12-25,00:43:00,Canais Digitais,Payment Gateway,Erro,346,7034.18,Alta,Em Análise,4,CUST7661,-33.847817677505006,-51.179466012066094,2024-12,0,12,2024
INC00457,2024-01-09,2024-01-09,23:44:00,Crédito,Core Banking,Fraude,324,25004.08,Baixa,Aberto,2,CUST5227,-33.88065241505856,-51.17357560631878,2024-01,0,1,2024
INC00458,2024-12-08,2024-12-08,09:46:00,Investimentos,Mobile App,Degradação,218,10040.61,Baixa,Resolvido,3,CUST2877,-33.81079698845902,-51.10900449367274,2024-12,0,12,2024
INC00459,2024-02-11,2024-02-11,12:54:00,Canais Digitais,Payment Gateway,Degradação,282,7862.52,Baixa,Resolvido,4,CUST3486,-33.8968938343577,-51.10844080144852,2024-02,0,2,2024
INC00460,2024-03-27,2024-03-27,21:53:00,Pagamentos,Mobile App,Degradação,166,11331.19,Baixa,Em Análise,1,CUST7886,-33.81046037323565,-51.167100422531206,2024-03,0,3,2024
INC00461,2024-03-26,2024-03-26,20:21:00,Cartões,Core Banking,Fraude,443,12760.8,Baixa,Aberto,3,CUST5835,-33.89494797733276,-51.129456581490544,2024-03,0,3,2024
INC00462,2025-04-18,2025-04-18,08:25:00,Canais Digitais,Payment Gateway,Indisponibilidade,161,7695.59,Alta,Resolvido,4,CUST1794,-33.83341506353999,-51.13242547448358,2025-04,0,4,2025
INC00463,2025-06-28,2025-06-28,08:14:00,Pagamentos,Atm Network,Roubo,426,36508.09,Baixa,Em Análise,4,CUST7786,-33.89283206203247,-51.11934373678696,2025-06,0,6,2025
INC00464,2025-03-01,2025-03-01,09:23:00,Pagamentos,Core Banking,Erro,255,16493.48,Média,Resolvido,4,CUST5014,-33.82937870140349,-51.17034904998579,2025-03,0,3,2025
INC00465,2025-12-03,2025-12-03,09:07:00,Cartões,Web Portal,Indisponibilidade,370,30506.52,Média,Em Análise,0,CUST8392,-33.896602867866704,-51.14898614580896,2025-12,0,12,2025
INC00466,2024-09-30,2024-09-30,23:15:00,Pagamentos,Mobile App,Erro,101,19592.54,Baixa,Em Análise,2,CUST6353,-33.81575422722892,-51.13323260489917,2024-09,0,9,2024
INC00467,2024-07-27,2024-07-27,16:25:00,Crédito,Core Banking,Roubo,22,50938.43,Alta,Fechado,3,CUST4407,-33.853405604907,-51.19737431811901,2024-07,1,7,2024
INC00468,2025-09-26,2025-09-26,04:03:00,Cartões,Core Banking,Fraude,331,35243.49,Alta,Fechado,3,CUST1974,-33.89065460873311,-51.162326125466905,2025-09,0,9,2025
INC00469,2024-06-12,2024-06-12,17:23:00,Pagamentos,Payment Gateway,Degradação,453,12228.46,Baixa,Aberto,3,CUST5237,-33.82931805549898,-51.13041116423214,2024-06,0,6,2024
INC00470,2025-12-04,2025-12-04,18:35:00,Fraudes,Payment Gateway,Degradação,387,10283.11,Baixa,Fechado,4,CUST8248,-33.851070984249624,-51.17474049068809,2025-12,0,12,2025
INC00471,2024-01-09,2024-01-09,06:09:00,Canais Digitais,Payment Gateway,Fraude,101,21459.72,Baixa,Em Análise,2,CUST5369,-33.88090511411245,-51.10422958929935,2024-01,0,1,2024
INC00472,2025-12-09,2025-12-09,17:18:00,Pagamentos,Web Portal,Indisponibilidade,5,20622.4,Média,Resolvido,1,CUST9050,-33.89843276261113,-51.19698386284932,2025-12,0,12,2025
INC00473,2024-02-01,2024-02-01,03:09:00,Crédito,Payment Gateway,Indisponibilidade,220,13935.19,Baixa,Resolvido,3,CUST1464,-33.858200174027445,-51.104191281241256,2024-02,0,2,2024
INC00474,2025-10-12,2025-10-12,00:54:00,Investimentos,Core Banking,Erro,136,44739.38,Média,Aberto,2,CUST6327,-33.89143707692715,-51.17832361319896,2025-10,1,10,2025
INC00475,2025-01-20,2025-01-20,17:04:00,Pagamentos,Payment Gateway,Fraude,264,40070.6,Alta,Fechado,2,CUST6415,-33.89058303017527,-51.19511779580746,2025-01,1,1,2025
INC00476,2025-12-25,2025-12-25,14:48:00,Investimentos,Atm Network,Indisponibilidade,129,18145.59,Baixa,Aberto,0,CUST9115,-33.87326704516373,-51.17075259667765,2025-12,0,12,2025
INC00477,2024-02-23,2024-02-23,02:43:00,Fraudes,Payment Gateway,Fraude,86,37110.21,Alta,Em Análise,3,CUST1287,-33.83695417027575,-51.12137176927098,2024-02,0,2,2024
INC00478,2025-02-08,2025-02-08,01:32:00,Pagamentos,Web Portal,Roubo,287,10606.01,Baixa,Fechado,4,CUST4195,-33.847008939143905,-51.1247557993552,2025-02,0,2,2025
INC00479,2025-12-08,2025-12-08,22:20:00,Cartões,Atm Network,Degradação,175,21465.92,Alta,Aberto,2,CUST2992,-33.89310126917413,-51.17911595835773,2025-12,0,12,2025
INC00480,2025-01-16,2025-01-16,16:21:00,Investimentos,Core Banking,Degradação,63,15705.0,Baixa,Resolvido,2,CUST8450,-33.80315687241075,-51.18032098664082,2025-01,0,1,2025
INC00481,2025-04-04,2025-04-04,15:36:00,Fraudes,Core Banking,Degradação,36,12305.49,Média,Resolvido,1,CUST3925,-33.81128313117054,-51.13574200841955,2025-04,0,4,2025
INC00482,2025-05-22,2025-05-22,14:34:00,Cartões,Mobile App,Fraude,165,6998.66,Baixa,Aberto,0,CUST2120,-33.87407745128548,-51.15419173103243,2025-05,0,5,2025
INC00483,2024-11-27,2024-11-27,06:31:00,Cartões,Atm Network,Fraude,288,24225.22,Alta,Aberto,2,CUST6310,-33.887766142403784,-51.12077100466691,2024-11,0,11,2024
INC00484,2025-04-03,2025-04-03,10:09:00,Cartões,Mobile App,Erro,110,6575.97,Média,Aberto,2,CUST1446,-33.805759713524296,-51.19758672213074,2025-04,0,4,2025
INC00485,2025-03-02,2025-03-02,08:13:00,Cartões,Atm Network,Degradação,109,26112.7,Baixa,Em Análise,4,CUST7627,-33.85388582221193,-51.13895881392394,2025-03,0,3,2025
INC00486,2025-10-19,2025-10-19,12:56:00,Pagamentos,Atm Network,Erro,443,15622.31,Média,Em Análise,4,CUST3896,-33.86888330352286,-51.12693279877601,2025-10,0,10,2025
INC00487,2024-02-03,2024-02-03,01:34:00,Canais Digitais,Web Portal,Degradação,232,61127.0,Baixa,Resolvido,1,CUST1721,-33.85096419648348,-51.100661388797135,2024-02,1,2,2024
INC00488,2024-07-24,2024-07-24,06:20:00,Pagamentos,Mobile App,Erro,192,24805.89,Média,Em Análise,1,CUST3163,-33.82272558554536,-51.13212183057632,2024-07,0,7,2024
INC00489,2025-11-24,2025-11-24,17:02:00,Pagamentos,Web Portal,Erro,74,21219.61,Alta,Em Análise,1,CUST4980,-33.883161470169696,-51.176815484345006,2025-11,0,11,2025
INC00490,2025-10-11,2025-10-11,09:53:00,Fraudes,Atm Network,Roubo,322,21018.61,Baixa,Fechado,4,CUST5502,-33.82325041664907,-51.189181380512,2025-10,0,10,2025
INC00491,2024-11-28,2024-11-28,06:40:00,Fraudes,Core Banking,Erro,468,4432.68,Baixa,Em Análise,4,CUST2725,-33.82505532120661,-51.13590832253559,2024-11,0,11,2024
INC00492,2025-03-28,2025-03-28,16:10:00,Canais Digitais,Atm Network,Fraude,294,2698.3,Baixa,Fechado,0,CUST9885,-33.84606517951591,-51.14768169324818,2025-03,0,3,2025
INC00493,2024-07-21,2024-07-21,06:23:00,Fraudes,Web Portal,Erro,91,12872.05,Média,Em Análise,3,CUST4413,-33.81341577112504,-51.1100854711555,2024-07,0,7,2024
INC00494,2024-05-17,2024-05-17,13:18:00,Crédito,Mobile App,Degradação,374,19164.46,Baixa,Resolvido,3,CUST1494,-33.886785662183016,-51.127339197881874,2024-05,0,5,2024
INC00495,2024-12-04,2024-12-04,03:25:00,Canais Digitais,Mobile App,Erro,366,32882.18,Baixa,Aberto,0,CUST1947,-33.84045209933343,-51.14902575499574,2024-12,0,12,2024
INC00496,2024-09-14,2024-09-14,05:41:00,Fraudes,Web Portal,Indisponibilidade,476,11345.83,Baixa,Resolvido,3,CUST1022,-33.85506569474982,-51.15964105292349,2024-09,0,9,2024
INC00497,2025-03-02,2025-03-02,06:44:00,Canais Digitais,Mobile App,Degradação,60,142822.74,Baixa,Em Análise,4,CUST2128,-33.857770788716415,-51.15956253004292,2025-03,1,3,2025
INC00498,2024-02-26,2024-02-26,13:35:00,Pagamentos,Payment Gateway,Indisponibilidade,117,9028.4,Crítica,Aberto,3,CUST1557,-33.87474389287305,-51.17736957138488,2024-02,0,2,2024
INC00499,2025-12-12,2025-12-12,07:36:00,Pagamentos,Core Banking,Degradação,17,13709.34,Baixa,Aberto,4,CUST4730,-33.86277203431901,-51.19826740282444,2025-12,0,12,2025
INC00500,2025-12-20,2025-12-20,00:35:00,Canais Digitais,Core Banking,Fraude,444,16391.58,Média,Aberto,0,CUST6341,-33.88918492439763,-51.142508941179294,2025-12,0,12,2025
INC00501,2025-05-24,2025-05-24,02:08:00,Crédito,Core Banking,Fraude,22,16302.61,Média,Fechado,1,CUST7998,-33.87484010302352,-51.17875852674768,2025-05,0,5,2025
INC00502,2025-01-26,2025-01-26,07:32:00,Crédito,Mobile App,Fraude,186,7124.31,Média,Resolvido,0,CUST8182,-33.87280348922219,-51.1791673082272,2025-01,0,1,2025
INC00503,2024-08-13,2024-08-13,05:40:00,Canais Digitais,Mobile App,Indisponibilidade,465,21903.85,Baixa,Fechado,3,CUST8034,-33.827933213253985,-51.18746187713236,2024-08,0,8,2024
INC00504,2025-08-17,2025-08-17,06:03:00,Fraudes,Atm Network,Roubo,117,18278.73,Média,Aberto,4,CUST2656,-33.895144957279115,-51.18104045098233,2025-08,0,8,2025
INC00505,2025-05-14,2025-05-14,12:48:00,Investimentos,Atm Network,Degradação,233,23934.62,Alta,Resolvido,3,CUST5173,-33.83488076918491,-51.19682108504449,2025-05,0,5,2025
INC00506,2024-04-28,2024-04-28,01:59:00,Crédito,Core Banking,Fraude,175,2885.26,Baixa,Resolvido,3,CUST6441,-33.87785900902068,-51.13257685502515,2024-04,0,4,2024
INC00507,2025-10-26,2025-10-26,04:43:00,Cartões,Payment Gateway,Degradação,299,18774.62,Baixa,Em Análise,1,CUST9998,-33.89181384940837,-51.15986028836873,2025-10,0,10,2025
INC00508,2025-08-23,2025-08-23,20:07:00,Pagamentos,Atm Network,Indisponibilidade,193,1928.83,Baixa,Fechado,3,CUST4312,-33.86991938389146,-51.143847540122685,2025-08,0,8,2025
INC00509,2025-11-24,2025-11-24,05:07:00,Canais Digitais,Atm Network,Roubo,430,14501.25,Baixa,Fechado,1,CUST9645,-33.877552713057135,-51.13630423819792,2025-11,0,11,2025
INC00510,2025-06-13,2025-06-13,17:02:00,Cartões,Mobile App,Indisponibilidade,469,21368.14,Baixa,Em Análise,4,CUST3324,-33.84479676241601,-51.10275154377239,2025-06,0,6,2025
INC00511,2025-03-23,2025-03-23,21:43:00,Canais Digitais,Payment Gateway,Degradação,83,26994.82,Média,Fechado,4,CUST6595,-33.8642623596552,-51.19317341341445,2025-03,0,3,2025
INC00512,2024-11-01,2024-11-01,02:21:00,Pagamentos,Core Banking,Roubo,150,13096.87,Baixa,Aberto,1,CUST6984,-33.80340062575917,-51.15820823151686,2024-11,0,11,2024
INC00513,2025-11-11,2025-11-11,05:01:00,Pagamentos,Atm Network,Roubo,411,10919.64,Média,Aberto,0,CUST3511,-33.803645040060914,-51.17541020664736,2025-11,0,11,2025
INC00514,2025-09-24,2025-09-24,22:43:00,Crédito,Payment Gateway,Indisponibilidade,186,5646.81,Média,Fechado,4,CUST1362,-33.855628473087975,-51.15232880681432,2025-09,0,9,2025
INC00515,2024-02-03,2024-02-03,01:37:00,Crédito,Payment Gateway,Fraude,290,2804.98,Baixa,Em Análise,0,CUST4454,-33.82049125393397,-51.10795276993861,2024-02,0,2,2024
INC00516,2024-01-20,2024-01-20,16:34:00,Cartões,Core Banking,Degradação,254,17303.84,Média,Resolvido,4,CUST3798,-33.89867314591391,-51.12760157347519,2024-01,0,1,2024
INC00517,2024-10-01,2024-10-01,01:22:00,Canais Digitais,Payment Gateway,Erro,358,1286.31,Baixa,Fechado,4,CUST5620,-33.84521884152752,-51.13380504135201,2024-10,0,10,2024
INC00518,2025-08-14,2025-08-14,19:07:00,Pagamentos,Payment Gateway,Erro,318,16980.6,Alta,Resolvido,2,CUST4255,-33.8256700827693,-51.155875412356885,2025-08,0,8,2025
INC00519,2025-12-21,2025-12-21,21:43:00,Cartões,Payment Gateway,Indisponibilidade,200,6708.64,Baixa,Em Análise,3,CUST2217,-33.87830567745927,-51.13288875016256,2025-12,0,12,2025
INC00520,2024-04-19,2024-04-19,03:04:00,Investimentos,Atm Network,Degradação,327,2426.41,Média,Resolvido,3,CUST2485,-33.893882824483406,-51.19676246227256,2024-04,0,4,2024
INC00521,2025-03-09,2025-03-09,12:28:00,Cartões,Core Banking,Degradação,75,9451.05,Alta,Em Análise,0,CUST6349,-33.88440810640935,-51.14137613279701,2025-03,0,3,2025
INC00522,2024-10-05,2024-10-05,14:56:00,Fraudes,Payment Gateway,Indisponibilidade,252,9333.92,Baixa,Em Análise,3,CUST8195,-33.85581519128261,-51.14462234374008,2024-10,0,10,2024
INC00523,2025-12-09,2025-12-09,22:15:00,Cartões,Payment Gateway,Degradação,150,5502.47,Baixa,Aberto,0,CUST8750,-33.84936285792437,-51.16533595680368,2025-12,0,12,2025
INC00524,2025-09-06,2025-09-06,09:29:00,Fraudes,Atm Network,Fraude,110,13011.33,Média,Aberto,4,CUST7079,-33.86191148778912,-51.17984858745759,2025-09,0,9,2025
INC00525,2025-09-03,2025-09-03,22:15:00,Fraudes,Core Banking,Indisponibilidade,267,18276.19,Baixa,Em Análise,2,CUST9035,-33.85600262329576,-51.11924444490007,2025-09,0,9,2025
INC00526,2024-12-08,2024-12-08,11:16:00,Fraudes,Mobile App,Fraude,300,7778.48,Alta,Fechado,2,CUST2507,-33.85297650403907,-51.19461378855449,2024-12,0,12,2024
INC00527,2024-10-29,2024-10-29,15:11:00,Investimentos,Atm Network,Degradação,74,8690.38,Crítica,Aberto,4,CUST2003,-33.82305633383989,-51.19303271355764,2024-10,0,10,2024
INC00528,2024-07-18,2024-07-18,07:19:00,Cartões,Core Banking,Indisponibilidade,474,12665.93,Baixa,Em Análise,1,CUST7403,-33.88947581019223,-51.15594782560159,2024-07,0,7,2024
INC00529,2024-02-11,2024-02-11,02:15:00,Cartões,Payment Gateway,Degradação,197,20006.94,Baixa,Resolvido,1,CUST1925,-33.82310495328406,-51.174744545259145,2024-02,0,2,2024
INC00530,2025-09-23,2025-09-23,12:22:00,Investimentos,Core Banking,Indisponibilidade,72,25443.88,Baixa,Resolvido,3,CUST9275,-33.8311372697705,-51.1254547586493,2025-09,0,9,2025
INC00531,2025-08-16,2025-08-16,18:39:00,Pagamentos,Core Banking,Degradação,309,56280.87,Baixa,Fechado,0,CUST7583,-33.825833919052364,-51.13658099230789,2025-08,1,8,2025
INC00532,2025-12-30,2025-12-30,21:04:00,Crédito,Core Banking,Fraude,56,513.94,Média,Resolvido,2,CUST4927,-33.82655316141246,-51.12274652038734,2025-12,0,12,2025
INC00533,2025-12-28,2025-12-28,19:39:00,Cartões,Mobile App,Fraude,374,12170.18,Média,Resolvido,3,CUST1985,-33.85294081841982,-51.167532104366224,2025-12,0,12,2025
INC00534,2025-02-09,2025-02-09,23:43:00,Crédito,Core Banking,Degradação,367,30821.12,Baixa,Em Análise,4,CUST5231,-33.87885998154391,-51.125948106038216,2025-02,0,2,2025
INC00535,2025-07-15,2025-07-15,00:56:00,Canais Digitais,Mobile App,Indisponibilidade,289,37405.47,Baixa,Resolvido,2,CUST6302,-33.84633710956982,-51.11376967639736,2025-07,0,7,2025
INC00536,2025-11-20,2025-11-20,20:19:00,Canais Digitais,Payment Gateway,Erro,409,38453.49,Baixa,Resolvido,0,CUST6291,-33.804201794639084,-51.16547255055814,2025-11,0,11,2025
INC00537,2025-09-12,2025-09-12,05:21:00,Investimentos,Mobile App,Fraude,478,42025.98,Baixa,Resolvido,0,CUST1908,-33.84114743186066,-51.16601041788382,2025-09,1,9,2025
INC00538,2024-06-29,2024-06-29,17:07:00,Canais Digitais,Payment Gateway,Fraude,338,46949.84,Alta,Resolvido,1,CUST6051,-33.89889528547872,-51.11000485960936,2024-06,1,6,2024
INC00539,2024-11-24,2024-11-24,06:31:00,Canais Digitais,Payment Gateway,Erro,13,17204.72,Baixa,Em Análise,3,CUST3586,-33.89402890951236,-51.19502097468124,2024-11,0,11,2024
INC00540,2024-04-04,2024-04-04,00:52:00,Pagamentos,Mobile App,Degradação,255,42306.48,Alta,Resolvido,4,CUST2331,-33.800713656639644,-51.16498105942692,2024-04,1,4,2024
INC00541,2025-11-27,2025-11-27,15:11:00,Pagamentos,Atm Network,Indisponibilidade,435,5985.86,Média,Fechado,2,CUST7851,-33.892805364076054,-51.188132750792825,2025-11,0,11,2025
INC00542,2025-03-18,2025-03-18,05:51:00,Pagamentos,Web Portal,Degradação,336,14524.11,Média,Aberto,0,CUST2806,-33.89539548399551,-51.197101940975,2025-03,0,3,2025
INC00543,2024-06-15,2024-06-15,01:13:00,Canais Digitais,Core Banking,Roubo,302,13641.81,Baixa,Fechado,2,CUST1805,-33.864697573064134,-51.18871305823532,2024-06,0,6,2024
INC00544,2025-05-05,2025-05-05,03:32:00,Investimentos,Web Portal,Fraude,439,10751.24,Média,Aberto,4,CUST5147,-33.80306827967306,-51.15687542088197,2025-05,0,5,2025
INC00545,2025-03-27,2025-03-27,22:49:00,Fraudes,Core Banking,Roubo,188,6270.86,Média,Fechado,2,CUST1071,-33.86813248462671,-51.13130439307722,2025-03,0,3,2025
INC00546,2024-09-18,2024-09-18,12:01:00,Fraudes,Core Banking,Fraude,183,33935.63,Média,Aberto,3,CUST1027,-33.85901158691247,-51.17107175755581,2024-09,0,9,2024
INC00547,2024-03-23,2024-03-23,08:20:00,Crédito,Payment Gateway,Fraude,202,15603.66,Baixa,Aberto,1,CUST9660,-33.83659229387914,-51.11503246925989,2024-03,0,3,2024
INC00548,2025-05-05,2025-05-05,01:26:00,Fraudes,Core Banking,Roubo,132,16379.37,Baixa,Aberto,2,CUST4983,-33.89758881606736,-51.15623843712617,2025-05,0,5,2025
INC00549,2025-01-14,2025-01-14,08:00:00,Fraudes,Core Banking,Roubo,24,6364.18,Média,Aberto,1,CUST9955,-33.81022364224808,-51.10317719490383,2025-01,0,1,2025
INC00550,2025-07-17,2025-07-17,10:02:00,Pagamentos,Mobile App,Degradação,476,22613.07,Baixa,Em Análise,4,CUST8055,-33.84805569824456,-51.10458443305564,2025-07,0,7,2025
INC00551,2025-01-14,2025-01-14,19:22:00,Pagamentos,Web Portal,Roubo,415,35008.98,Baixa,Fechado,1,CUST7690,-33.85331890939959,-51.12267237773332,2025-01,0,1,2025
INC00552,2025-09-14,2025-09-14,03:17:00,Canais Digitais,Mobile App,Degradação,426,21076.71,Crítica,Aberto,2,CUST4832,-33.81392733377933,-51.10675945038534,2025-09,0,9,2025
INC00553,2025-02-06,2025-02-06,22:05:00,Crédito,Core Banking,Degradação,332,7419.48,Baixa,Fechado,2,CUST1559,-33.8046923410642,-51.12929039238389,2025-02,0,2,2025
INC00554,2025-02-13,2025-02-13,02:21:00,Cartões,Payment Gateway,Degradação,69,36133.21,Baixa,Resolvido,0,CUST8957,-33.857657476835314,-51.110441681000886,2025-02,0,2,2025
INC00555,2025-10-01,2025-10-01,10:14:00,Crédito,Mobile App,Fraude,186,2417.02,Baixa,Aberto,2,CUST4831,-33.88275589207068,-51.17635262826337,2025-10,0,10,2025
INC00556,2024-10-21,2024-10-21,21:59:00,Crédito,Mobile App,Fraude,245,25917.75,Média,Fechado,1,CUST8344,-33.81842907299979,-51.16545797998232,2024-10,0,10,2024
INC00557,2024-04-07,2024-04-07,04:51:00,Investimentos,Atm Network,Roubo,373,7319.08,Baixa,Em Análise,0,CUST6171,-33.859673957877746,-51.12470699339951,2024-04,0,4,2024
INC00558,2024-01-22,2024-01-22,09:11:00,Canais Digitais,Core Banking,Fraude,28,41554.01,Média,Fechado,2,CUST1078,-33.80644544604882,-51.15754387617935,2024-01,1,1,2024
INC00559,2025-07-05,2025-07-05,14:48:00,Investimentos,Payment Gateway,Roubo,388,55828.17,Baixa,Aberto,2,CUST5929,-33.8050101016169,-51.11626725661755,2025-07,1,7,2025
INC00560,2025-03-28,2025-03-28,09:37:00,Crédito,Mobile App,Fraude,435,9541.74,Baixa,Resolvido,4,CUST4647,-33.88851709682786,-51.11223611284122,2025-03,0,3,2025
INC00561,2025-05-28,2025-05-28,17:44:00,Crédito,Mobile App,Indisponibilidade,459,12491.46,Média,Fechado,0,CUST2031,-33.80434460326671,-51.17002705152791,2025-05,0,5,2025
INC00562,2024-06-04,2024-06-04,02:29:00,Crédito,Payment Gateway,Indisponibilidade,87,24028.56,Baixa,Resolvido,4,CUST8381,-33.86317296745548,-51.11765491918104,2024-06,0,6,2024
INC00563,2024-04-09,2024-04-09,23:41:00,Fraudes,Core Banking,Roubo,474,10633.27,Crítica,Em Análise,4,CUST3072,-33.83537474823428,-51.18457357289349,2024-04,0,4,2024
INC00564,2024-01-11,2024-01-11,13:05:00,Investimentos,Atm Network,Fraude,323,3378.81,Baixa,Fechado,4,CUST7911,-33.896524991826595,-51.16658032884632,2024-01,0,1,2024
INC00565,2024-09-12,2024-09-12,02:15:00,Crédito,Mobile App,Fraude,189,43649.99,Baixa,Fechado,3,CUST7088,-33.811111572591614,-51.14820350488786,2024-09,1,9,2024
INC00566,2025-03-06,2025-03-06,06:51:00,Pagamentos,Atm Network,Degradação,443,11227.7,Baixa,Em Análise,4,CUST2484,-33.835840267065514,-51.177355623789616,2025-03,0,3,2025
INC00567,2024-10-13,2024-10-13,13:08:00,Canais Digitais,Web Portal,Erro,320,20978.93,Baixa,Em Análise,1,CUST6838,-33.835644553304355,-51.14207321704248,2024-10,0,10,2024
INC00568,2024-11-15,2024-11-15,14:20:00,Canais Digitais,Core Banking,Roubo,103,9090.39,Crítica,Em Análise,2,CUST2550,-33.80978238400225,-51.14213049212824,2024-11,0,11,2024
INC00569,2025-10-22,2025-10-22,02:01:00,Pagamentos,Web Portal,Erro,66,19366.78,Alta,Aberto,3,CUST6497,-33.84916528250926,-51.179309710514914,2025-10,0,10,2025
INC00570,2024-09-11,2024-09-11,01:34:00,Canais Digitais,Web Portal,Erro,290,19037.78,Baixa,Aberto,4,CUST5682,-33.858948335963746,-51.12043586551145,2024-09,0,9,2024
INC00571,2025-01-10,2025-01-10,17:13:00,Fraudes,Web Portal,Roubo,26,22622.93,Média,Fechado,2,CUST2829,-33.81338712477076,-51.13683555105885,2025-01,0,1,2025
INC00572,2025-07-26,2025-07-26,19:17:00,Fraudes,Core Banking,Fraude,463,10731.21,Média,Fechado,0,CUST4751,-33.82575794881286,-51.16822394931751,2025-07,0,7,2025
INC00573,2024-10-16,2024-10-16,09:24:00,Cartões,Core Banking,Roubo,216,6699.72,Baixa,Fechado,0,CUST7081,-33.80510243350351,-51.17678152165297,2024-10,0,10,2024
INC00574,2025-03-30,2025-03-30,01:24:00,Cartões,Payment Gateway,Erro,130,9529.46,Baixa,Resolvido,2,CUST7601,-33.805987810668945,-51.11212498611656,2025-03,0,3,2025
INC00575,2025-09-21,2025-09-21,21:32:00,Cartões,Atm Network,Fraude,417,63401.84,Alta,Em Análise,1,CUST5459,-33.86176738354398,-51.11642577547754,2025-09,1,9,2025
INC00576,2025-11-24,2025-11-24,03:30:00,Canais Digitais,Atm Network,Indisponibilidade,429,27406.37,Crítica,Fechado,2,CUST4856,-33.855301370985856,-51.17702393251445,2025-11,0,11,2025
INC00577,2024-04-17,2024-04-17,13:00:00,Fraudes,Payment Gateway,Roubo,46,17471.0,Crítica,Em Análise,2,CUST7182,-33.87440150462092,-51.19643947734835,2024-04,0,4,2024
INC00578,2025-11-07,2025-11-07,13:15:00,Fraudes,Payment Gateway,Roubo,102,5390.81,Média,Aberto,3,CUST7083,-33.83393521108614,-51.11954674042569,2025-11,0,11,2025
INC00579,2024-12-25,2024-12-25,21:45:00,Fraudes,Web Portal,Fraude,453,23277.78,Média,Em Análise,0,CUST8970,-33.86354580299111,-51.1384491444735,2024-12,0,12,2024
INC00580,2024-07-07,2024-07-07,19:02:00,Pagamentos,Payment Gateway,Indisponibilidade,35,52420.35,Baixa,Resolvido,0,CUST3094,-33.82138993533923,-51.189911797194654,2024-07,1,7,2024
INC00581,2024-12-01,2024-12-01,02:40:00,Fraudes,Mobile App,Indisponibilidade,162,19568.55,Baixa,Resolvido,4,CUST7238,-33.887844923926906,-51.14126417937811,2024-12,0,12,2024
INC00582,2025-12-16,2025-12-16,05:24:00,Pagamentos,Atm Network,Fraude,116,24543.84,Baixa,Em Análise,2,CUST4032,-33.88835971488342,-51.15478173146384,2025-12,0,12,2025
INC00583,2024-12-25,2024-12-25,12:52:00,Cartões,Payment Gateway,Degradação,406,7423.49,Média,Resolvido,2,CUST2548,-33.879554461858056,-51.12254496725263,2024-12,0,12,2024
INC00584,2024-08-27,2024-08-27,01:07:00,Cartões,Mobile App,Roubo,251,17488.75,Média,Resolvido,1,CUST9559,-33.891570781156254,-51.17909151578413,2024-08,0,8,2024
INC00585,2025-04-07,2025-04-07,20:33:00,Canais Digitais,Mobile App,Roubo,126,50906.81,Alta,Aberto,0,CUST1064,-33.837996839232176,-51.1546843255695,2025-04,1,4,2025
INC00586,2024-06-24,2024-06-24,03:24:00,Cartões,Mobile App,Erro,277,13469.96,Alta,Fechado,1,CUST4299,-33.88526472339832,-51.18437558857481,2024-06,0,6,2024
INC00587,2024-02-25,2024-02-25,14:03:00,Canais Digitais,Mobile App,Fraude,298,37627.86,Alta,Resolvido,3,CUST5849,-33.88400370825323,-51.10424727721892,2024-02,0,2,2024
INC00588,2024-04-04,2024-04-04,12:59:00,Crédito,Web Portal,Erro,402,7054.12,Crítica,Fechado,4,CUST6639,-33.89857717762708,-51.12212618430748,2024-04,0,4,2024
INC00589,2024-04-03,2024-04-03,11:31:00,Crédito,Mobile App,Erro,475,21745.42,Baixa,Em Análise,1,CUST3035,-33.82179099853764,-51.12632775734986,2024-04,0,4,2024
INC00590,2024-04-20,2024-04-20,12:30:00,Investimentos,Web Portal,Indisponibilidade,477,14359.5,Média,Em Análise,0,CUST6674,-33.81877039445765,-51.13097933349792,2024-04,0,4,2024
INC00591,2024-04-11,2024-04-11,13:19:00,Canais Digitais,Web Portal,Roubo,211,36625.69,Média,Resolvido,3,CUST3228,-33.88379775836356,-51.15766635575336,2024-04,0,4,2024
INC00592,2025-04-12,2025-04-12,17:28:00,Investimentos,Mobile App,Erro,114,42281.47,Baixa,Em Análise,2,CUST6620,-33.82604755657327,-51.10767175842969,2025-04,1,4,2025
INC00593,2024-05-12,2024-05-12,05:31:00,Investimentos,Atm Network,Indisponibilidade,444,19844.86,Crítica,Aberto,3,CUST1596,-33.85664548768426,-51.1927082988073,2024-05,0,5,2024
INC00594,2024-09-09,2024-09-09,10:01:00,Crédito,Mobile App,Fraude,282,20814.53,Alta,Resolvido,1,CUST4606,-33.87604051170346,-51.119674092832106,2024-09,0,9,2024
INC00595,2025-10-16,2025-10-16,22:18:00,Canais Digitais,Mobile App,Erro,455,61214.36,Baixa,Resolvido,0,CUST4889,-33.837861539192616,-51.17847672678943,2025-10,1,10,2025
INC00596,2024-12-11,2024-12-11,18:04:00,Crédito,Mobile App,Roubo,60,34057.51,Baixa,Resolvido,1,CUST4506,-33.88215159256529,-51.16759720443662,2024-12,0,12,2024
INC00597,2025-05-02,2025-05-02,18:33:00,Investimentos,Atm Network,Erro,379,7981.16,Média,Em Análise,2,CUST2395,-33.82431163923469,-51.14805702710327,2025-05,0,5,2025
INC00598,2024-05-05,2024-05-05,09:24:00,Canais Digitais,Core Banking,Fraude,407,13576.77,Média,Em Análise,2,CUST8529,-33.89523847724294,-51.12173449889444,2024-05,0,5,2024
INC00599,2024-05-20,2024-05-20,01:10:00,Investimentos,Core Banking,Erro,61,14074.54,Alta,Resolvido,0,CUST9303,-33.804086906707205,-51.11614650923463,2024-05,0,5,2024
INC00600,2024-01-30,2024-01-30,17:30:00,Fraudes,Web Portal,Roubo,432,28151.79,Baixa,Fechado,4,CUST1452,-33.89281247462914,-51.14162677498399,2024-01,0,1,2024
INC00601,2024-05-03,2024-05-03,23:14:00,Canais Digitais,Web Portal,Indisponibilidade,295,30497.7,Baixa,Em Análise,3,CUST8336,-33.84205515807513,-51.15969645110653,2024-05,0,5,2024
INC00602,2024-07-22,2024-07-22,08:22:00,Canais Digitais,Atm Network,Roubo,118,31854.6,Baixa,Em Análise,3,CUST3631,-33.80978057098776,-51.10534975785968,2024-07,0,7,2024
INC00603,2024-05-09,2024-05-09,18:08:00,Investimentos,Payment Gateway,Indisponibilidade,385,2702.85,Baixa,Resolvido,2,CUST3186,-33.898809553115214,-51.17534787041607,2024-05,0,5,2024
INC00604,2024-03-05,2024-03-05,02:20:00,Fraudes,Core Banking,Degradação,389,39783.85,Baixa,Fechado,1,CUST6967,-33.85014855390109,-51.11969054241194,2024-03,1,3,2024
INC00605,2024-03-29,2024-03-29,08:27:00,Pagamentos,Web Portal,Roubo,312,10847.36,Alta,Resolvido,1,CUST7374,-33.86499930356893,-51.13879503785519,2024-03,0,3,2024
INC00606,2024-12-02,2024-12-02,13:50:00,Crédito,Core Banking,Roubo,345,7561.63,Baixa,Em Análise,4,CUST6358,-33.841966780974204,-51.16231049831149,2024-12,0,12,2024
INC00607,2024-05-30,2024-05-30,06:15:00,Investimentos,Atm Network,Fraude,202,30216.68,Baixa,Resolvido,1,CUST5348,-33.877454261326235,-51.19986320156365,2024-05,0,5,2024
INC00608,2024-09-22,2024-09-22,15:59:00,Canais Digitais,Atm Network,Erro,425,45647.79,Baixa,Resolvido,3,CUST2459,-33.893510078276826,-51.15534006986514,2024-09,1,9,2024
INC00609,2025-01-02,2025-01-02,00:03:00,Crédito,Payment Gateway,Indisponibilidade,325,35251.48,Baixa,Resolvido,1,CUST2942,-33.83740669631513,-51.17232800024577,2025-01,0,1,2025
INC00610,2025-05-18,2025-05-18,03:38:00,Crédito,Payment Gateway,Indisponibilidade,183,22114.64,Alta,Fechado,4,CUST6422,-33.85831507605066,-51.18956533866745,2025-05,0,5,2025
INC00611,2024-01-29,2024-01-29,07:16:00,Crédito,Atm Network,Fraude,389,27237.57,Média,Resolvido,3,CUST6196,-33.837751446129374,-51.1924841434662,2024-01,0,1,2024
INC00612,2025-08-06,2025-08-06,04:38:00,Pagamentos,Web Portal,Fraude,223,6106.01,Média,Em Análise,1,CUST1061,-33.878946085316215,-51.165244167268845,2025-08,0,8,2025
INC00613,2025-04-03,2025-04-03,19:28:00,Cartões,Core Banking,Erro,281,6071.73,Baixa,Resolvido,3,CUST2494,-33.86612587370465,-51.13852426112594,2025-04,0,4,2025
INC00614,2024-02-29,2024-02-29,19:35:00,Investimentos,Mobile App,Erro,441,57017.54,Baixa,Fechado,2,CUST2180,-33.843831861063535,-51.11624806846353,2024-02,1,2,2024
INC00615,2025-09-29,2025-09-29,05:38:00,Cartões,Payment Gateway,Roubo,20,16654.71,Baixa,Aberto,2,CUST7268,-33.84068872216753,-51.18164367550527,2025-09,0,9,2025
INC00616,2025-11-03,2025-11-03,17:36:00,Cartões,Mobile App,Degradação,383,10800.74,Baixa,Fechado,2,CUST3788,-33.86276851922257,-51.157535602869096,2025-11,0,11,2025
INC00617,2024-02-14,2024-02-14,19:34:00,Cartões,Web Portal,Erro,65,7327.62,Alta,Resolvido,1,CUST5636,-33.871994679438345,-51.16080438598578,2024-02,0,2,2024
INC00618,2024-07-21,2024-07-21,06:26:00,Crédito,Payment Gateway,Fraude,58,28556.58,Baixa,Aberto,4,CUST5721,-33.87262993705114,-51.14866059907915,2024-07,0,7,2024
INC00619,2025-08-11,2025-08-11,21:13:00,Fraudes,Mobile App,Erro,172,27519.21,Média,Resolvido,3,CUST6710,-33.88253006485791,-51.11904127291905,2025-08,0,8,2025
INC00620,2025-06-30,2025-06-30,06:36:00,Crédito,Web Portal,Indisponibilidade,30,21627.66,Baixa,Fechado,0,CUST8702,-33.86745950376704,-51.14463547820008,2025-06,0,6,2025
INC00621,2024-05-14,2024-05-14,21:04:00,Crédito,Core Banking,Degradação,340,29113.24,Média,Aberto,2,CUST1105,-33.88005596629868,-51.115334508649774,2024-05,0,5,2024
INC00622,2024-06-01,2024-06-01,22:01:00,Canais Digitais,Web Portal,Roubo,69,23256.47,Alta,Aberto,2,CUST5087,-33.836618459377,-51.14814482439311,2024-06,0,6,2024
INC00623,2024-09-27,2024-09-27,20:53:00,Canais Digitais,Payment Gateway,Indisponibilidade,104,13440.01,Média,Resolvido,0,CUST4925,-33.84309330017579,-51.13961526348187,2024-09,0,9,2024
INC00624,2024-12-19,2024-12-19,05:14:00,Cartões,Atm Network,Indisponibilidade,78,3952.03,Média,Resolvido,0,CUST2908,-33.8617411176329,-51.15626167575071,2024-12,0,12,2024
INC00625,2025-03-27,2025-03-27,20:09:00,Crédito,Core Banking,Degradação,196,38610.95,Crítica,Fechado,1,CUST3049,-33.867416998006256,-51.11769044197044,2025-03,1,3,2025
INC00626,2024-09-26,2024-09-26,22:57:00,Cartões,Mobile App,Roubo,175,28154.77,Média,Resolvido,3,CUST9172,-33.87623857998054,-51.10761727936354,2024-09,0,9,2024
INC00627,2024-12-03,2024-12-03,23:38:00,Canais Digitais,Payment Gateway,Fraude,277,30106.99,Baixa,Aberto,2,CUST4904,-33.846454169104064,-51.136085526187685,2024-12,0,12,2024
INC00628,2025-06-29,2025-06-29,04:00:00,Fraudes,Atm Network,Roubo,381,31700.1,Baixa,Em Análise,4,CUST4796,-33.80810972356543,-51.11792175508271,2025-06,0,6,2025
INC00629,2024-01-27,2024-01-27,12:20:00,Investimentos,Web Portal,Erro,191,22358.73,Média,Em Análise,1,CUST1292,-33.83142969486111,-51.194099666600096,2024-01,0,1,2024
INC00630,2024-07-03,2024-07-03,17:44:00,Cartões,Atm Network,Indisponibilidade,27,15657.73,Média,Fechado,1,CUST7266,-33.82555852859644,-51.10938882485534,2024-07,0,7,2024
INC00631,2025-06-04,2025-06-04,20:52:00,Fraudes,Payment Gateway,Erro,395,38726.04,Baixa,Resolvido,4,CUST7370,-33.81656221363436,-51.18110749331609,2025-06,1,6,2025
INC00632,2025-10-15,2025-10-15,17:36:00,Investimentos,Payment Gateway,Fraude,432,16303.23,Baixa,Fechado,4,CUST5860,-33.864836502666215,-51.17434795726742,2025-10,0,10,2025
INC00633,2025-01-08,2025-01-08,12:31:00,Pagamentos,Atm Network,Erro,185,18967.53,Crítica,Em Análise,4,CUST4729,-33.89371242178855,-51.194666993179325,2025-01,0,1,2025
INC00634,2025-01-23,2025-01-23,03:16:00,Cartões,Web Portal,Roubo,331,12441.85,Baixa,Em Análise,0,CUST8962,-33.83774411966783,-51.1034599883026,2025-01,0,1,2025
INC00635,2024-03-19,2024-03-19,02:48:00,Cartões,Atm Network,Erro,112,32373.12,Baixa,Resolvido,2,CUST6510,-33.881132770877194,-51.11479891505116,2024-03,0,3,2024
INC00636,2024-11-22,2024-11-22,10:20:00,Pagamentos,Payment Gateway,Fraude,339,14947.54,Baixa,Aberto,0,CUST9619,-33.84309563500043,-51.10868153959089,2024-11,0,11,2024
INC00637,2025-01-23,2025-01-23,19:54:00,Pagamentos,Payment Gateway,Fraude,166,24808.59,Alta,Resolvido,2,CUST7761,-33.82604897668429,-51.115278383224,2025-01,0,1,2025
INC00638,2024-06-26,2024-06-26,20:25:00,Cartões,Mobile App,Fraude,306,17041.78,Baixa,Em Análise,0,CUST7110,-33.821636169785215,-51.15204694472787,2024-06,0,6,2024
INC00639,2024-07-15,2024-07-15,03:33:00,Pagamentos,Mobile App,Roubo,456,5019.84,Média,Aberto,3,CUST7955,-33.869816087975245,-51.107591806590925,2024-07,0,7,2024
INC00640,2024-10-02,2024-10-02,19:47:00,Crédito,Core Banking,Fraude,210,32155.57,Baixa,Fechado,2,CUST1106,-33.848756676743065,-51.10305271795728,2024-10,0,10,2024
INC00641,2024-01-15,2024-01-15,17:39:00,Investimentos,Payment Gateway,Indisponibilidade,82,25943.66,Média,Em Análise,1,CUST5754,-33.83790349037228,-51.14974330232106,2024-01,0,1,2024
INC00642,2024-08-23,2024-08-23,02:40:00,Investimentos,Mobile App,Fraude,20,13986.55,Alta,Fechado,2,CUST6278,-33.818051927829934,-51.18243752186712,2024-08,0,8,2024
INC00643,2024-06-03,2024-06-03,19:28:00,Investimentos,Atm Network,Erro,331,21844.49,Baixa,Aberto,2,CUST7408,-33.8238611334895,-51.134137749103694,2024-06,0,6,2024
INC00644,2024-08-27,2024-08-27,05:41:00,Crédito,Web Portal,Erro,100,33052.4,Média,Fechado,2,CUST8635,-33.80120246790226,-51.10245617101464,2024-08,0,8,2024
INC00645,2024-03-28,2024-03-28,20:41:00,Pagamentos,Atm Network,Erro,151,49453.46,Baixa,Em Análise,3,CUST2225,-33.899191532347,-51.11278531401411,2024-03,1,3,2024
INC00646,2025-10-12,2025-10-12,12:48:00,Fraudes,Web Portal,Roubo,6,20320.82,Baixa,Resolvido,0,CUST5250,-33.85625105591368,-51.11381848238541,2025-10,0,10,2025
INC00647,2025-03-09,2025-03-09,08:16:00,Pagamentos,Mobile App,Erro,14,17838.29,Alta,Fechado,1,CUST1895,-33.87439555136238,-51.10661819831928,2025-03,0,3,2025
INC00648,2025-05-10,2025-05-10,23:08:00,Cartões,Core Banking,Roubo,438,19837.95,Baixa,Em Análise,0,CUST2620,-33.88801066128551,-51.11060477394474,2025-05,0,5,2025
INC00649,2025-07-30,2025-07-30,08:00:00,Canais Digitais,Atm Network,Roubo,129,12663.43,Média,Em Análise,0,CUST6088,-33.80884846718328,-51.12237183359817,2025-07,0,7,2025
INC00650,2024-12-29,2024-12-29,01:59:00,Investimentos,Atm Network,Fraude,85,19241.73,Baixa,Aberto,4,CUST6419,-33.80020379339043,-51.128172716783816,2024-12,0,12,2024
INC00651,2024-03-04,2024-03-04,15:28:00,Pagamentos,Atm Network,Indisponibilidade,144,11811.3,Baixa,Em Análise,3,CUST2385,-33.881940379209524,-51.17352328262552,2024-03,0,3,2024
INC00652,2025-01-27,2025-01-27,00:09:00,Fraudes,Web Portal,Fraude,330,13173.1,Baixa,Resolvido,4,CUST3433,-33.89615666071986,-51.13786599785716,2025-01,0,1,2025
INC00653,2025-03-04,2025-03-04,17:57:00,Cartões,Mobile App,Fraude,154,8961.83,Média,Resolvido,3,CUST2301,-33.872494555231945,-51.14785113782941,2025-03,0,3,2025
INC00654,2025-06-28,2025-06-28,07:20:00,Crédito,Atm Network,Roubo,292,16659.92,Baixa,Fechado,0,CUST7858,-33.81651380819336,-51.1138055908419,2025-06,0,6,2025
INC00655,2024-11-11,2024-11-11,10:54:00,Crédito,Atm Network,Roubo,365,17415.92,Média,Fechado,0,CUST9950,-33.87061099168007,-51.150828742650994,2024-11,0,11,2024
INC00656,2024-04-03,2024-04-03,01:07:00,Fraudes,Core Banking,Erro,344,23281.5,Baixa,Fechado,3,CUST9938,-33.89430985195023,-51.18722572364573,2024-04,0,4,2024
INC00657,2024-07-26,2024-07-26,21:07:00,Cartões,Core Banking,Erro,133,5805.71,Baixa,Fechado,0,CUST9784,-33.89475078160469,-51.19950275146777,2024-07,0,7,2024
INC00658,2024-09-22,2024-09-22,16:14:00,Investimentos,Mobile App,Fraude,442,28552.86,Média,Resolvido,0,CUST6644,-33.857257719763055,-51.132212687953135,2024-09,0,9,2024
INC00659,2025-04-16,2025-04-16,16:59:00,Pagamentos,Mobile App,Degradação,243,14474.9,Alta,Aberto,1,CUST6088,-33.80681742769384,-51.14500916128728,2025-04,0,4,2025
INC00660,2025-02-20,2025-02-20,22:23:00,Cartões,Payment Gateway,Degradação,62,1900.65,Baixa,Fechado,4,CUST6440,-33.871407955836034,-51.16690370956416,2025-02,0,2,2025
INC00661,2024-09-16,2024-09-16,12:18:00,Crédito,Core Banking,Erro,202,26173.18,Média,Aberto,4,CUST8493,-33.857284231929896,-51.183102784996215,2024-09,0,9,2024
INC00662,2025-12-21,2025-12-21,04:31:00,Fraudes,Payment Gateway,Degradação,215,12465.65,Baixa,Em Análise,4,CUST7291,-33.88980661946174,-51.153328467759614,2025-12,0,12,2025
INC00663,2025-03-18,2025-03-18,11:00:00,Fraudes,Web Portal,Erro,406,48956.64,Média,Em Análise,2,CUST4307,-33.8506427206731,-51.18997135275211,2025-03,1,3,2025
INC00664,2024-06-22,2024-06-22,22:36:00,Pagamentos,Payment Gateway,Roubo,394,7413.66,Alta,Fechado,1,CUST9894,-33.830345293571426,-51.16638915107789,2024-06,0,6,2024
INC00665,2024-03-15,2024-03-15,07:12:00,Fraudes,Atm Network,Fraude,49,21267.92,Alta,Em Análise,4,CUST5708,-33.87288496388228,-51.16207880937644,2024-03,0,3,2024
INC00666,2024-04-21,2024-04-21,07:56:00,Fraudes,Payment Gateway,Indisponibilidade,101,8279.62,Média,Aberto,4,CUST1104,-33.87032886914713,-51.15343813051621,2024-04,0,4,2024
INC00667,2024-06-28,2024-06-28,22:42:00,Cartões,Mobile App,Fraude,283,2048.84,Baixa,Aberto,1,CUST4833,-33.81580249745937,-51.15333792486612,2024-06,0,6,2024
INC00668,2024-04-27,2024-04-27,00:44:00,Investimentos,Web Portal,Erro,27,59123.58,Alta,Em Análise,0,CUST1395,-33.89896362776528,-51.17429943565257,2024-04,1,4,2024
INC00669,2024-05-16,2024-05-16,18:23:00,Pagamentos,Atm Network,Erro,414,14658.3,Média,Fechado,4,CUST4517,-33.83635292914499,-51.114978901839805,2024-05,0,5,2024
INC00670,2024-07-27,2024-07-27,02:23:00,Cartões,Payment Gateway,Fraude,465,10273.62,Baixa,Aberto,0,CUST4291,-33.86061153650584,-51.16444564937433,2024-07,0,7,2024
INC00671,2024-05-06,2024-05-06,16:04:00,Investimentos,Web Portal,Erro,395,26471.0,Baixa,Aberto,4,CUST3010,-33.870161948643855,-51.17704126911075,2024-05,0,5,2024
INC00672,2025-10-16,2025-10-16,19:20:00,Cartões,Web Portal,Degradação,339,20161.58,Alta,Resolvido,3,CUST5537,-33.83424061677561,-51.18241901165894,2025-10,0,10,2025
INC00673,2024-02-28,2024-02-28,07:57:00,Canais Digitais,Atm Network,Degradação,48,2119.15,Alta,Fechado,2,CUST5968,-33.816533147821026,-51.16774216054967,2024-02,0,2,2024
INC00674,2025-01-17,2025-01-17,13:35:00,Cartões,Payment Gateway,Erro,31,8747.14,Baixa,Resolvido,4,CUST5762,-33.844160788367134,-51.19324471170225,2025-01,0,1,2025
INC00675,2024-10-26,2024-10-26,10:51:00,Fraudes,Web Portal,Erro,286,8830.06,Média,Em Análise,3,CUST2051,-33.896890537805696,-51.196709247701904,2024-10,0,10,2024
INC00676,2025-12-18,2025-12-18,14:18:00,Investimentos,Web Portal,Degradação,101,4967.24,Alta,Em Análise,1,CUST3841,-33.85385988091744,-51.13948578031972,2025-12,0,12,2025
INC00677,2024-03-22,2024-03-22,06:50:00,Pagamentos,Core Banking,Erro,467,12536.46,Baixa,Resolvido,3,CUST7618,-33.8537240059106,-51.13808528639508,2024-03,0,3,2024
INC00678,2024-10-17,2024-10-17,18:42:00,Pagamentos,Web Portal,Erro,40,15151.31,Baixa,Fechado,1,CUST5723,-33.84562015051954,-51.14704117973617,2024-10,0,10,2024
INC00679,2025-12-08,2025-12-08,04:04:00,Investimentos,Core Banking,Fraude,113,31341.8,Média,Aberto,4,CUST8472,-33.832904109895644,-51.123771480476826,2025-12,0,12,2025
INC00680,2025-09-23,2025-09-23,21:31:00,Fraudes,Payment Gateway,Indisponibilidade,59,18039.69,Baixa,Em Análise,1,CUST8913,-33.89806815964656,-51.196084945572295,2025-09,0,9,2025
INC00681,2025-08-19,2025-08-19,07:09:00,Crédito,Payment Gateway,Degradação,196,3932.0,Baixa,Fechado,3,CUST6524,-33.84979873756002,-51.106402689179056,2025-08,0,8,2025
INC00682,2024-07-07,2024-07-07,05:46:00,Cartões,Payment Gateway,Fraude,223,9754.96,Média,Fechado,2,CUST4584,-33.84116922306194,-51.190493487674296,2024-07,0,7,2024
INC00683,2024-05-04,2024-05-04,15:27:00,Fraudes,Mobile App,Indisponibilidade,189,25435.63,Alta,Em Análise,0,CUST9539,-33.865664661358394,-51.132597700560645,2024-05,0,5,2024
INC00684,2025-05-03,2025-05-03,16:30:00,Canais Digitais,Payment Gateway,Erro,73,18863.58,Média,Em Análise,0,CUST2263,-33.83316347734095,-51.18666034110592,2025-05,0,5,2025
INC00685,2025-11-09,2025-11-09,07:39:00,Investimentos,Web Portal,Erro,321,11829.38,Média,Fechado,2,CUST5665,-33.87718222828708,-51.11200945666922,2025-11,0,11,2025
INC00686,2025-02-10,2025-02-10,08:01:00,Cartões,Atm Network,Fraude,134,3547.21,Baixa,Aberto,0,CUST9014,-33.868262766693256,-51.1489286713055,2025-02,0,2,2025
INC00687,2025-02-21,2025-02-21,14:49:00,Pagamentos,Core Banking,Erro,59,52947.99,Baixa,Resolvido,4,CUST2351,-33.80372446525757,-51.1917706458982,2025-02,1,2,2025
INC00688,2024-07-23,2024-07-23,02:48:00,Crédito,Mobile App,Roubo,382,62485.67,Média,Em Análise,4,CUST7980,-33.86519296291388,-51.13832758872999,2024-07,1,7,2024
INC00689,2025-07-15,2025-07-15,03:03:00,Canais Digitais,Payment Gateway,Fraude,101,21541.94,Baixa,Resolvido,3,CUST8190,-33.86534991126342,-51.19908900561178,2025-07,0,7,2025
INC00690,2024-05-16,2024-05-16,13:40:00,Pagamentos,Payment Gateway,Indisponibilidade,340,14146.28,Alta,Fechado,3,CUST4827,-33.84043193641769,-51.12239778215598,2024-05,0,5,2024
INC00691,2024-08-24,2024-08-24,08:24:00,Investimentos,Atm Network,Fraude,91,10315.3,Baixa,Resolvido,1,CUST9861,-33.80290246701399,-51.13494150133539,2024-08,0,8,2024
INC00692,2024-11-06,2024-11-06,22:49:00,Cartões,Atm Network,Degradação,298,19438.41,Baixa,Aberto,3,CUST3646,-33.8016919554047,-51.17873752506365,2024-11,0,11,2024
INC00693,2025-01-05,2025-01-05,09:20:00,Investimentos,Mobile App,Fraude,123,40011.41,Baixa,Fechado,4,CUST1266,-33.842034203632366,-51.1625249083824,2025-01,1,1,2025
INC00694,2024-06-25,2024-06-25,03:11:00,Cartões,Core Banking,Erro,212,15699.12,Alta,Aberto,3,CUST8434,-33.899891298019504,-51.19921933055112,2024-06,0,6,2024
INC00695,2024-03-24,2024-03-24,07:01:00,Fraudes,Payment Gateway,Erro,338,8693.07,Baixa,Fechado,0,CUST2022,-33.80993434492316,-51.13063161850288,2024-03,0,3,2024
INC00696,2025-03-21,2025-03-21,21:12:00,Crédito,Mobile App,Roubo,417,49498.79,Baixa,Aberto,1,CUST8947,-33.84297620354229,-51.16773318624903,2025-03,1,3,2025
INC00697,2024-07-29,2024-07-29,20:31:00,Fraudes,Web Portal,Roubo,158,7645.78,Baixa,Fechado,1,CUST3037,-33.863400359171,-51.14284110847033,2024-07,0,7,2024
INC00698,2025-02-28,2025-02-28,15:31:00,Fraudes,Web Portal,Roubo,39,10472.75,Alta,Aberto,4,CUST9756,-33.8170804858984,-51.10432723720856,2025-02,0,2,2025
INC00699,2024-04-22,2024-04-22,01:10:00,Investimentos,Mobile App,Indisponibilidade,83,20370.53,Baixa,Fechado,3,CUST8778,-33.86001675406498,-51.17005332870525,2024-04,0,4,2024
INC00700,2024-12-17,2024-12-17,09:14:00,Crédito,Payment Gateway,Roubo,71,8030.43,Baixa,Aberto,0,CUST2059,-33.896595549379974,-51.10097621159127,2024-12,0,12,2024
INC00701,2025-01-23,2025-01-23,16:39:00,Cartões,Mobile App,Indisponibilidade,347,25756.64,Baixa,Fechado,3,CUST2424,-33.8178927776943,-51.13672716139924,2025-01,0,1,2025
INC00702,2024-02-07,2024-02-07,17:54:00,Cartões,Payment Gateway,Roubo,417,13311.38,Média,Aberto,2,CUST5123,-33.84541405989802,-51.175791133371455,2024-02,0,2,2024
INC00703,2024-09-02,2024-09-02,08:24:00,Canais Digitais,Atm Network,Indisponibilidade,38,4539.9,Baixa,Em Análise,3,CUST1219,-33.86618564617758,-51.15632221169788,2024-09,0,9,2024
INC00704,2024-04-08,2024-04-08,07:58:00,Pagamentos,Mobile App,Fraude,101,26246.32,Baixa,Resolvido,4,CUST1405,-33.874910762364614,-51.12595468776164,2024-04,0,4,2024
INC00705,2024-02-16,2024-02-16,13:59:00,Canais Digitais,Payment Gateway,Fraude,173,76293.84,Baixa,Fechado,3,CUST3318,-33.84062025405846,-51.155352209231694,2024-02,1,2,2024
INC00706,2025-12-23,2025-12-23,17:21:00,Canais Digitais,Mobile App,Erro,173,22940.66,Média,Aberto,1,CUST9983,-33.87919504517749,-51.19314924326585,2025-12,0,12,2025
INC00707,2024-08-23,2024-08-23,19:29:00,Cartões,Mobile App,Indisponibilidade,155,48912.92,Média,Em Análise,0,CUST6058,-33.8676149113443,-51.18313963386175,2024-08,1,8,2024
INC00708,2025-08-14,2025-08-14,19:20:00,Investimentos,Payment Gateway,Degradação,75,38919.75,Média,Fechado,4,CUST2309,-33.8363469690586,-51.120870225421605,2025-08,1,8,2025
INC00709,2024-07-04,2024-07-04,11:31:00,Fraudes,Payment Gateway,Erro,7,11220.29,Alta,Fechado,2,CUST8621,-33.811845554959405,-51.1351626924282,2024-07,0,7,2024
INC00710,2025-05-12,2025-05-12,18:45:00,Fraudes,Core Banking,Fraude,318,14671.02,Crítica,Fechado,0,CUST5929,-33.84671096716084,-51.14301745226679,2025-05,0,5,2025
INC00711,2025-07-08,2025-07-08,16:55:00,Fraudes,Mobile App,Indisponibilidade,36,26745.94,Baixa,Resolvido,0,CUST9702,-33.824089360170085,-51.18323780292446,2025-07,0,7,2025
INC00712,2025-03-10,2025-03-10,20:34:00,Crédito,Web Portal,Roubo,291,30702.18,Média,Aberto,1,CUST9683,-33.823693939623695,-51.11622425546497,2025-03,0,3,2025
INC00713,2024-12-10,2024-12-10,22:38:00,Cartões,Mobile App,Degradação,86,21497.96,Média,Aberto,1,CUST2617,-33.83356460473406,-51.10392598904138,2024-12,0,12,2024
INC00714,2024-10-27,2024-10-27,16:11:00,Investimentos,Mobile App,Fraude,47,56340.68,Alta,Fechado,1,CUST2520,-33.87541616623194,-51.19591129025093,2024-10,1,10,2024
INC00715,2024-09-11,2024-09-11,08:46:00,Crédito,Payment Gateway,Erro,395,39423.57,Baixa,Fechado,4,CUST8892,-33.813321140184975,-51.19219681293462,2024-09,1,9,2024
INC00716,2025-11-09,2025-11-09,17:20:00,Pagamentos,Mobile App,Indisponibilidade,109,21632.9,Média,Fechado,3,CUST2583,-33.85637243443604,-51.111527549668544,2025-11,0,11,2025
INC00717,2025-08-29,2025-08-29,12:20:00,Investimentos,Mobile App,Degradação,5,24384.8,Baixa,Em Análise,0,CUST7704,-33.89557892560643,-51.11844477459679,2025-08,0,8,2025
INC00718,2025-12-05,2025-12-05,07:45:00,Canais Digitais,Web Portal,Indisponibilidade,65,906.24,Alta,Fechado,3,CUST8988,-33.87553873299304,-51.13820655444887,2025-12,0,12,2025
INC00719,2024-03-31,2024-03-31,07:45:00,Investimentos,Payment Gateway,Roubo,274,27756.36,Baixa,Resolvido,3,CUST7583,-33.82344516459007,-51.10550347910139,2024-03,0,3,2024
INC00720,2025-06-17,2025-06-17,06:22:00,Investimentos,Mobile App,Erro,184,25763.71,Baixa,Aberto,1,CUST2575,-33.89308666641825,-51.1353569422008,2025-06,0,6,2025
INC00721,2025-11-15,2025-11-15,11:31:00,Fraudes,Atm Network,Indisponibilidade,228,10137.06,Baixa,Resolvido,3,CUST7935,-33.885263559784505,-51.178401472427055,2025-11,0,11,2025
INC00722,2024-05-12,2024-05-12,10:21:00,Investimentos,Core Banking,Fraude,10,6869.92,Baixa,Fechado,0,CUST7176,-33.830577318395825,-51.12713576762831,2024-05,0,5,2024
INC00723,2024-02-18,2024-02-18,21:42:00,Canais Digitais,Web Portal,Erro,107,6859.1,Média,Em Análise,0,CUST3613,-33.81073992102724,-51.13542896552544,2024-02,0,2,2024
INC00724,2025-06-25,2025-06-25,21:27:00,Canais Digitais,Mobile App,Fraude,14,38494.78,Baixa,Fechado,2,CUST4892,-33.83662679949423,-51.101425529799,2025-06,1,6,2025
INC00725,2025-02-23,2025-02-23,12:17:00,Cartões,Atm Network,Indisponibilidade,75,3374.77,Baixa,Fechado,4,CUST9653,-33.87777089461704,-51.178610426362525,2025-02,0,2,2025
INC00726,2025-09-06,2025-09-06,01:28:00,Investimentos,Mobile App,Erro,94,11191.7,Alta,Fechado,3,CUST7733,-33.89465862367504,-51.14021150636374,2025-09,0,9,2025
INC00727,2024-04-12,2024-04-12,20:14:00,Fraudes,Mobile App,Fraude,230,4321.58,Baixa,Fechado,4,CUST5431,-33.838487341744965,-51.12198324777749,2024-04,0,4,2024
INC00728,2025-08-03,2025-08-03,19:26:00,Investimentos,Payment Gateway,Roubo,162,7552.71,Média,Fechado,4,CUST9112,-33.89526014220688,-51.16610169106619,2025-08,0,8,2025
INC00729,2024-05-27,2024-05-27,17:30:00,Pagamentos,Payment Gateway,Roubo,232,8174.91,Baixa,Aberto,4,CUST2381,-33.83872779480582,-51.16203204169018,2024-05,0,5,2024
INC00730,2024-04-29,2024-04-29,14:50:00,Pagamentos,Payment Gateway,Indisponibilidade,409,267.89,Baixa,Resolvido,4,CUST4515,-33.87744200558389,-51.11120981616717,2024-04,0,4,2024
INC00731,2024-04-29,2024-04-29,22:23:00,Fraudes,Atm Network,Erro,130,15592.73,Alta,Em Análise,0,CUST5454,-33.809534393759115,-51.15958051203911,2024-04,0,4,2024
INC00732,2025-08-17,2025-08-17,11:12:00,Cartões,Mobile App,Degradação,448,6719.66,Média,Fechado,3,CUST8769,-33.852490733151264,-51.13752671481044,2025-08,0,8,2025
INC00733,2025-04-30,2025-04-30,21:42:00,Cartões,Core Banking,Erro,213,29472.58,Baixa,Em Análise,2,CUST7489,-33.87760615666903,-51.11107618624732,2025-04,0,4,2025
INC00734,2025-01-16,2025-01-16,04:32:00,Canais Digitais,Web Portal,Roubo,101,42053.87,Crítica,Aberto,4,CUST9384,-33.81468546834414,-51.179017341690944,2025-01,1,1,2025
INC00735,2024-09-18,2024-09-18,23:02:00,Canais Digitais,Payment Gateway,Fraude,78,21862.34,Alta,Resolvido,2,CUST4534,-33.874596460155246,-51.10181227036474,2024-09,0,9,2024
INC00736,2025-10-02,2025-10-02,21:18:00,Crédito,Payment Gateway,Degradação,119,15615.26,Crítica,Fechado,0,CUST1755,-33.869340092347514,-51.12980464660297,2025-10,0,10,2025
INC00737,2024-10-13,2024-10-13,22:28:00,Fraudes,Mobile App,Indisponibilidade,195,36348.87,Baixa,Aberto,0,CUST3525,-33.81657221009445,-51.150387830585856,2024-10,0,10,2024
INC00738,2025-08-19,2025-08-19,06:43:00,Investimentos,Mobile App,Degradação,174,5868.64,Baixa,Aberto,1,CUST1827,-33.86912079701994,-51.1569079435649,2025-08,0,8,2025
INC00739,2024-11-16,2024-11-16,14:24:00,Fraudes,Atm Network,Indisponibilidade,311,13362.47,Média,Resolvido,4,CUST5748,-33.85898362307693,-51.10456353844485,2024-11,0,11,2024
INC00740,2024-10-02,2024-10-02,04:46:00,Crédito,Atm Network,Degradação,452,5968.95,Média,Fechado,1,CUST3333,-33.865233432924114,-51.17942751724704,2024-10,0,10,2024
INC00741,2024-12-03,2024-12-03,07:41:00,Canais Digitais,Payment Gateway,Indisponibilidade,208,14418.8,Baixa,Resolvido,2,CUST5946,-33.88835996821696,-51.168831674315406,2024-12,0,12,2024
INC00742,2024-08-08,2024-08-08,15:07:00,Fraudes,Mobile App,Indisponibilidade,60,32691.24,Média,Resolvido,3,CUST9302,-33.896110418775315,-51.16922072444521,2024-08,0,8,2024
INC00743,2025-06-29,2025-06-29,00:43:00,Fraudes,Core Banking,Degradação,212,22136.31,Baixa,Em Análise,1,CUST9046,-33.8275459325939,-51.17109936652656,2025-06,0,6,2025
INC00744,2025-01-01,2025-01-01,04:02:00,Canais Digitais,Web Portal,Degradação,45,11792.66,Baixa,Em Análise,0,CUST9984,-33.83548628760643,-51.15314619547844,2025-01,0,1,2025
INC00745,2024-06-18,2024-06-18,00:03:00,Crédito,Mobile App,Indisponibilidade,36,17296.59,Baixa,Resolvido,4,CUST8181,-33.87176339324479,-51.101082076673215,2024-06,0,6,2024
INC00746,2025-10-18,2025-10-18,07:34:00,Canais Digitais,Mobile App,Roubo,19,6697.38,Média,Em Análise,2,CUST4414,-33.87044008750151,-51.111121323328376,2025-10,0,10,2025
INC00747,2024-10-07,2024-10-07,09:33:00,Cartões,Atm Network,Degradação,66,8956.66,Baixa,Aberto,0,CUST7457,-33.80549942169913,-51.167205043167854,2024-10,0,10,2024
INC00748,2025-01-31,2025-01-31,10:24:00,Investimentos,Web Portal,Erro,159,15932.99,Alta,Resolvido,3,CUST7749,-33.80123288727665,-51.15771298842699,2025-01,0,1,2025
INC00749,2025-10-23,2025-10-23,09:20:00,Canais Digitais,Payment Gateway,Fraude,288,65022.92,Média,Fechado,4,CUST1296,-33.85265650967663,-51.13305192536141,2025-10,1,10,2025
INC00750,2025-03-31,2025-03-31,13:38:00,Crédito,Mobile App,Indisponibilidade,213,48008.37,Média,Fechado,3,CUST1568,-33.819754825451845,-51.19828483193034,2025-03,1,3,2025
INC00751,2024-03-26,2024-03-26,01:40:00,Pagamentos,Payment Gateway,Indisponibilidade,324,7515.62,Crítica,Aberto,3,CUST6283,-33.82633141241306,-51.11798463413144,2024-03,0,3,2024
INC00752,2025-11-17,2025-11-17,15:12:00,Cartões,Mobile App,Fraude,191,6800.38,Média,Fechado,4,CUST8664,-33.87026822904879,-51.11202019426881,2025-11,0,11,2025
INC00753,2025-04-03,2025-04-03,08:51:00,Pagamentos,Payment Gateway,Roubo,446,18348.62,Crítica,Fechado,4,CUST8511,-33.89414372894795,-51.11427996656755,2025-04,0,4,2025
INC00754,2024-09-01,2024-09-01,03:21:00,Canais Digitais,Web Portal,Fraude,134,10535.63,Baixa,Resolvido,3,CUST6465,-33.8857443742865,-51.16249456131145,2024-09,0,9,2024
INC00755,2024-04-11,2024-04-11,09:25:00,Cartões,Atm Network,Degradação,131,6418.36,Baixa,Aberto,2,CUST9263,-33.81617058829992,-51.15380004926358,2024-04,0,4,2024
INC00756,2025-08-02,2025-08-02,21:11:00,Investimentos,Web Portal,Fraude,296,20211.59,Baixa,Resolvido,4,CUST5382,-33.82687861800037,-51.19876116780963,2025-08,0,8,2025
INC00757,2025-03-28,2025-03-28,16:13:00,Canais Digitais,Core Banking,Indisponibilidade,118,3636.75,Baixa,Aberto,0,CUST1065,-33.83356651555377,-51.16006046519565,2025-03,0,3,2025
INC00758,2025-01-24,2025-01-24,13:56:00,Investimentos,Atm Network,Fraude,203,26998.72,Alta,Resolvido,1,CUST1879,-33.88693511683034,-51.15395731776334,2025-01,0,1,2025
INC00759,2025-10-14,2025-10-14,01:52:00,Fraudes,Web Portal,Erro,17,1890.33,Baixa,Resolvido,2,CUST9259,-33.83600693125494,-51.10930257069315,2025-10,0,10,2025
INC00760,2025-07-29,2025-07-29,19:10:00,Pagamentos,Core Banking,Degradação,275,42829.73,Média,Em Análise,4,CUST8222,-33.82278476685069,-51.11060123262428,2025-07,1,7,2025
INC00761,2024-04-20,2024-04-20,15:50:00,Cartões,Mobile App,Fraude,93,21134.13,Média,Fechado,4,CUST6069,-33.81393982501397,-51.10339029359121,2024-04,0,4,2024
INC00762,2024-08-15,2024-08-15,22:05:00,Investimentos,Mobile App,Indisponibilidade,219,9458.58,Média,Aberto,2,CUST4239,-33.898676872080635,-51.11148950149095,2024-08,0,8,2024
INC00763,2024-06-30,2024-06-30,23:18:00,Crédito,Payment Gateway,Degradação,448,53998.67,Baixa,Fechado,1,CUST1507,-33.83155248981215,-51.19917992905724,2024-06,1,6,2024
INC00764,2025-06-27,2025-06-27,04:57:00,Investimentos,Atm Network,Indisponibilidade,282,36566.91,Média,Em Análise,3,CUST8704,-33.89809023443968,-51.13585391476678,2025-06,0,6,2025
INC00765,2024-01-25,2024-01-25,03:46:00,Crédito,Mobile App,Roubo,451,25300.9,Baixa,Aberto,0,CUST2125,-33.82931271544565,-51.1931762316897,2024-01,0,1,2024
INC00766,2025-02-20,2025-02-20,03:19:00,Canais Digitais,Atm Network,Erro,478,24391.34,Baixa,Em Análise,4,CUST1885,-33.8364378635268,-51.172740571362006,2025-02,0,2,2025
INC00767,2025-07-10,2025-07-10,09:23:00,Cartões,Mobile App,Roubo,207,5012.43,Média,Fechado,1,CUST3841,-33.8851652137081,-51.14216923705295,2025-07,0,7,2025
INC00768,2025-10-02,2025-10-02,21:34:00,Investimentos,Payment Gateway,Erro,78,20234.67,Média,Resolvido,0,CUST8975,-33.823387824865485,-51.12993861815925,2025-10,0,10,2025
INC00769,2024-09-06,2024-09-06,04:37:00,Investimentos,Web Portal,Fraude,29,34260.36,Baixa,Em Análise,2,CUST7565,-33.89316523818103,-51.134536797408295,2024-09,0,9,2024
INC00770,2025-08-22,2025-08-22,20:53:00,Cartões,Payment Gateway,Degradação,105,25150.69,Alta,Em Análise,4,CUST7083,-33.81736012262554,-51.195094163259135,2025-08,0,8,2025
INC00771,2024-03-21,2024-03-21,07:38:00,Investimentos,Core Banking,Fraude,180,27985.37,Baixa,Resolvido,3,CUST5870,-33.873807075515174,-51.18963961304305,2024-03,0,3,2024
INC00772,2025-09-09,2025-09-09,20:09:00,Crédito,Mobile App,Erro,431,17446.03,Baixa,Fechado,2,CUST3525,-33.83111481376993,-51.18714131870688,2025-09,0,9,2025
INC00773,2024-04-03,2024-04-03,05:45:00,Investimentos,Core Banking,Erro,121,28398.95,Baixa,Em Análise,4,CUST5215,-33.80763106589781,-51.19085856232304,2024-04,0,4,2024
INC00774,2024-10-17,2024-10-17,03:59:00,Pagamentos,Core Banking,Erro,170,29678.89,Média,Fechado,1,CUST2938,-33.86601729753265,-51.18217655767307,2024-10,0,10,2024
INC00775,2025-08-05,2025-08-05,12:19:00,Canais Digitais,Atm Network,Indisponibilidade,45,6340.37,Média,Resolvido,0,CUST4232,-33.84971059220596,-51.13115122086885,2025-08,0,8,2025
INC00776,2024-04-19,2024-04-19,16:54:00,Fraudes,Mobile App,Degradação,433,17320.35,Baixa,Aberto,0,CUST4744,-33.85368819660496,-51.11691627488408,2024-04,0,4,2024
INC00777,2024-06-16,2024-06-16,06:03:00,Crédito,Core Banking,Fraude,348,12733.66,Baixa,Em Análise,4,CUST7221,-33.884238865093714,-51.15911861099266,2024-06,0,6,2024
INC00778,2025-06-11,2025-06-11,13:02:00,Pagamentos,Web Portal,Fraude,428,34101.01,Média,Fechado,2,CUST4465,-33.84096879895092,-51.130721849357165,2025-06,0,6,2025
INC00779,2025-06-09,2025-06-09,23:36:00,Canais Digitais,Core Banking,Roubo,370,4990.92,Baixa,Resolvido,3,CUST1440,-33.8256998081479,-51.17999837387342,2025-06,0,6,2025
INC00780,2025-04-13,2025-04-13,15:57:00,Cartões,Web Portal,Erro,124,3382.76,Baixa,Resolvido,1,CUST1461,-33.808312517107616,-51.10267198483666,2025-04,0,4,2025
INC00781,2025-05-21,2025-05-21,22:51:00,Crédito,Atm Network,Erro,101,26830.2,Média,Em Análise,4,CUST9803,-33.81491973983505,-51.16500024771424,2025-05,0,5,2025
INC00782,2025-01-31,2025-01-31,03:55:00,Fraudes,Core Banking,Erro,149,3180.79,Baixa,Aberto,1,CUST6413,-33.84899806202719,-51.11541330937952,2025-01,0,1,2025
INC00783,2024-07-02,2024-07-02,23:33:00,Canais Digitais,Payment Gateway,Fraude,220,17980.21,Alta,Em Análise,0,CUST6755,-33.8280982845488,-51.10546336273706,2024-07,0,7,2024
INC00784,2024-09-09,2024-09-09,17:18:00,Fraudes,Atm Network,Roubo,233,49204.92,Baixa,Fechado,3,CUST6012,-33.81992165866261,-51.11352860371248,2024-09,1,9,2024
INC00785,2024-05-12,2024-05-12,18:48:00,Cartões,Web Portal,Indisponibilidade,317,17688.37,Média,Resolvido,1,CUST4163,-33.85065112862616,-51.19329323484597,2024-05,0,5,2024
INC00786,2025-10-25,2025-10-25,13:18:00,Cartões,Atm Network,Degradação,134,1994.95,Baixa,Aberto,4,CUST7752,-33.88845724392957,-51.13496928426928,2025-10,0,10,2025
INC00787,2025-03-01,2025-03-01,21:23:00,Crédito,Core Banking,Indisponibilidade,356,1954.61,Alta,Fechado,3,CUST1005,-33.85620692361526,-51.187990929342845,2025-03,0,3,2025
INC00788,2024-10-19,2024-10-19,12:11:00,Investimentos,Mobile App,Fraude,381,5591.43,Baixa,Em Análise,2,CUST5776,-33.815752196179844,-51.19943369994742,2024-10,0,10,2024
INC00789,2024-12-03,2024-12-03,05:52:00,Cartões,Mobile App,Erro,322,16931.75,Média,Resolvido,4,CUST8038,-33.84033585946062,-51.19482165560569,2024-12,0,12,2024
INC00790,2025-11-22,2025-11-22,03:18:00,Canais Digitais,Web Portal,Degradação,476,6931.47,Média,Em Análise,1,CUST7414,-33.827554162299066,-51.1083850803553,2025-11,0,11,2025
INC00791,2024-04-21,2024-04-21,15:44:00,Investimentos,Web Portal,Fraude,141,4230.56,Baixa,Aberto,3,CUST6739,-33.88147319778474,-51.109153648573965,2024-04,0,4,2024
INC00792,2025-03-03,2025-03-03,03:29:00,Pagamentos,Mobile App,Fraude,328,42411.84,Baixa,Aberto,4,CUST4970,-33.8035662231789,-51.1774175612236,2025-03,1,3,2025
INC00793,2025-01-04,2025-01-04,22:48:00,Fraudes,Web Portal,Fraude,341,10354.1,Média,Aberto,3,CUST3606,-33.85959194705067,-51.14529387852014,2025-01,0,1,2025
INC00794,2025-03-22,2025-03-22,22:32:00,Investimentos,Atm Network,Degradação,277,26931.46,Alta,Aberto,3,CUST1098,-33.83463644772822,-51.10449717377341,2025-03,0,3,2025
INC00795,2024-01-14,2024-01-14,17:51:00,Fraudes,Payment Gateway,Degradação,121,5841.06,Baixa,Aberto,3,CUST1525,-33.89811277454094,-51.150329387030325,2024-01,0,1,2024
INC00796,2025-09-28,2025-09-28,16:58:00,Investimentos,Payment Gateway,Roubo,310,6170.96,Baixa,Em Análise,1,CUST7337,-33.88726807377447,-51.16064221798543,2025-09,0,9,2025
INC00797,2025-11-11,2025-11-11,14:10:00,Pagamentos,Atm Network,Roubo,372,47498.96,Alta,Aberto,4,CUST2180,-33.821796573011504,-51.15167513059554,2025-11,1,11,2025
INC00798,2025-02-16,2025-02-16,21:44:00,Cartões,Payment Gateway,Indisponibilidade,98,10972.19,Baixa,Aberto,0,CUST9067,-33.80320305544797,-51.12097842384481,2025-02,0,2,2025
INC00799,2025-05-23,2025-05-23,00:16:00,Pagamentos,Core Banking,Degradação,172,14402.64,Crítica,Resolvido,0,CUST5491,-33.86799446449445,-51.15227223674668,2025-05,0,5,2025
INC00800,2025-11-04,2025-11-04,05:03:00,Cartões,Atm Network,Degradação,446,2474.68,Média,Aberto,1,CUST6922,-33.89628192650587,-51.12167223187176,2025-11,0,11,2025
INC00801,2025-05-31,2025-05-31,19:47:00,Cartões,Web Portal,Degradação,207,36545.05,Média,Resolvido,1,CUST4071,-33.86391333980198,-51.15683025543591,2025-05,0,5,2025
INC00802,2024-04-21,2024-04-21,14:26:00,Fraudes,Atm Network,Roubo,345,18217.22,Baixa,Resolvido,3,CUST6641,-33.8982531869721,-51.174799432878864,2024-04,0,4,2024
INC00803,2025-02-24,2025-02-24,14:05:00,Canais Digitais,Mobile App,Fraude,153,61782.23,Baixa,Resolvido,4,CUST8381,-33.88076269077375,-51.16735272701814,2025-02,1,2,2025
INC00804,2025-03-18,2025-03-18,14:13:00,Pagamentos,Web Portal,Erro,406,13890.79,Média,Em Análise,4,CUST3792,-33.82475279849462,-51.19221765353629,2025-03,0,3,2025
INC00805,2024-11-05,2024-11-05,10:38:00,Investimentos,Mobile App,Roubo,187,24022.5,Alta,Em Análise,2,CUST5778,-33.806291160189346,-51.15026188555908,2024-11,0,11,2024
INC00806,2025-06-21,2025-06-21,08:25:00,Pagamentos,Web Portal,Degradação,417,26667.06,Crítica,Fechado,2,CUST1014,-33.89125509156311,-51.1851889075111,2025-06,0,6,2025
INC00807,2025-11-13,2025-11-13,15:04:00,Fraudes,Payment Gateway,Roubo,156,19191.62,Baixa,Fechado,0,CUST3415,-33.84420992211895,-51.11884529936653,2025-11,0,11,2025
INC00808,2025-11-06,2025-11-06,19:09:00,Cartões,Atm Network,Indisponibilidade,78,13781.09,Baixa,Resolvido,2,CUST3685,-33.8746119153876,-51.15794094258431,2025-11,0,11,2025
INC00809,2024-11-25,2024-11-25,17:02:00,Fraudes,Core Banking,Degradação,369,29953.4,Baixa,Em Análise,2,CUST9159,-33.8860940874206,-51.123499767600826,2024-11,0,11,2024
INC00810,2024-03-23,2024-03-23,12:42:00,Crédito,Web Portal,Indisponibilidade,405,22707.36,Alta,Aberto,0,CUST8926,-33.87810197701084,-51.10455395724614,2024-03,0,3,2024
INC00811,2025-12-19,2025-12-19,16:29:00,Crédito,Web Portal,Degradação,278,9363.6,Baixa,Fechado,0,CUST5100,-33.842223693250226,-51.11505220502868,2025-12,0,12,2025
INC00812,2025-09-04,2025-09-04,21:44:00,Investimentos,Mobile App,Roubo,46,38567.85,Baixa,Em Análise,2,CUST7374,-33.8934865498556,-51.10485363202542,2025-09,1,9,2025
INC00813,2024-04-01,2024-04-01,05:16:00,Fraudes,Payment Gateway,Fraude,216,29087.58,Baixa,Aberto,4,CUST7004,-33.85657814038316,-51.143206347312926,2024-04,0,4,2024
INC00814,2025-11-03,2025-11-03,12:50:00,Investimentos,Mobile App,Erro,105,13749.84,Baixa,Aberto,2,CUST6521,-33.88647721490448,-51.18346755660195,2025-11,0,11,2025
INC00815,2025-09-27,2025-09-27,20:18:00,Investimentos,Mobile App,Indisponibilidade,49,19505.59,Crítica,Em Análise,3,CUST8155,-33.87273229476055,-51.10646040458163,2025-09,0,9,2025
INC00816,2025-01-13,2025-01-13,09:34:00,Crédito,Payment Gateway,Roubo,86,25668.58,Média,Fechado,3,CUST4297,-33.88092456702567,-51.11314956094032,2025-01,0,1,2025
INC00817,2025-03-07,2025-03-07,13:25:00,Investimentos,Core Banking,Fraude,21,21836.25,Baixa,Em Análise,3,CUST3633,-33.81170245001691,-51.11355870089331,2025-03,0,3,2025
INC00818,2024-10-18,2024-10-18,18:04:00,Crédito,Mobile App,Roubo,77,58583.09,Baixa,Fechado,1,CUST4890,-33.82919886691287,-51.13067255725913,2024-10,1,10,2024
INC00819,2024-02-09,2024-02-09,04:19:00,Cartões,Mobile App,Indisponibilidade,18,14495.65,Baixa,Resolvido,3,CUST1791,-33.81315374210525,-51.137508373781394,2024-02,0,2,2024
INC00820,2024-09-01,2024-09-01,16:20:00,Fraudes,Web Portal,Erro,437,19335.16,Baixa,Em Análise,4,CUST1151,-33.86165371654523,-51.19852761081387,2024-09,0,9,2024
INC00821,2025-08-09,2025-08-09,09:04:00,Investimentos,Payment Gateway,Roubo,161,58538.46,Baixa,Em Análise,1,CUST4063,-33.86865866351463,-51.12519459309119,2025-08,1,8,2025
INC00822,2024-01-04,2024-01-04,03:05:00,Crédito,Atm Network,Degradação,227,26325.38,Média,Fechado,1,CUST7367,-33.86194128051022,-51.19084648825172,2024-01,0,1,2024
INC00823,2024-08-31,2024-08-31,03:38:00,Pagamentos,Core Banking,Fraude,136,27248.23,Baixa,Fechado,3,CUST8904,-33.898145180427555,-51.17402490638975,2024-08,0,8,2024
INC00824,2024-10-17,2024-10-17,06:49:00,Investimentos,Core Banking,Roubo,342,22745.79,Baixa,Em Análise,2,CUST3091,-33.82752957248514,-51.14485097046487,2024-10,0,10,2024
INC00825,2025-01-27,2025-01-27,02:00:00,Canais Digitais,Payment Gateway,Fraude,408,9898.36,Baixa,Aberto,0,CUST5599,-33.86502275431049,-51.1548267415124,2025-01,0,1,2025
INC00826,2025-11-02,2025-11-02,23:56:00,Cartões,Web Portal,Degradação,380,15724.33,Média,Aberto,2,CUST8408,-33.86866761964232,-51.19842256102286,2025-11,0,11,2025
INC00827,2024-09-09,2024-09-09,03:05:00,Cartões,Web Portal,Erro,380,8334.49,Média,Aberto,2,CUST3977,-33.840185893462944,-51.11760149415483,2024-09,0,9,2024
INC00828,2024-09-10,2024-09-10,08:53:00,Pagamentos,Payment Gateway,Erro,51,34378.3,Média,Resolvido,1,CUST1842,-33.85637500882902,-51.11211990419141,2024-09,0,9,2024
INC00829,2025-06-22,2025-06-22,13:59:00,Crédito,Web Portal,Degradação,111,26532.5,Média,Resolvido,1,CUST4793,-33.80191566317761,-51.131812705650326,2025-06,0,6,2025
INC00830,2024-11-26,2024-11-26,11:59:00,Investimentos,Core Banking,Fraude,112,12479.31,Média,Fechado,1,CUST2659,-33.86437469571012,-51.14589321413432,2024-11,0,11,2024
INC00831,2024-06-12,2024-06-12,19:23:00,Crédito,Core Banking,Roubo,269,21135.88,Baixa,Resolvido,4,CUST9789,-33.83861041577921,-51.10392621611005,2024-06,0,6,2024
INC00832,2024-11-26,2024-11-26,03:20:00,Cartões,Atm Network,Degradação,209,14205.24,Alta,Aberto,4,CUST6162,-33.86883488993903,-51.188004379225184,2024-11,0,11,2024
INC00833,2024-04-12,2024-04-12,23:43:00,Crédito,Payment Gateway,Indisponibilidade,83,20854.08,Baixa,Em Análise,0,CUST7446,-33.80094050197893,-51.1262089946335,2024-04,0,4,2024
INC00834,2024-05-08,2024-05-08,09:29:00,Cartões,Mobile App,Fraude,159,29732.59,Baixa,Resolvido,1,CUST5270,-33.85548889652799,-51.18716393871048,2024-05,0,5,2024
INC00835,2024-12-29,2024-12-29,21:27:00,Crédito,Mobile App,Erro,275,18931.64,Média,Resolvido,3,CUST4603,-33.836587118913314,-51.16181552010766,2024-12,0,12,2024
INC00836,2024-11-01,2024-11-01,06:34:00,Pagamentos,Atm Network,Degradação,251,50740.47,Baixa,Aberto,1,CUST7764,-33.88732783290473,-51.1414515490829,2024-11,1,11,2024
INC00837,2025-10-29,2025-10-29,22:27:00,Fraudes,Atm Network,Erro,23,9068.7,Alta,Resolvido,4,CUST2216,-33.82669757851363,-51.12629123094957,2025-10,0,10,2025
INC00838,2024-09-21,2024-09-21,13:55:00,Pagamentos,Web Portal,Fraude,350,7252.54,Baixa,Fechado,1,CUST3291,-33.873078994212435,-51.1996283899728,2024-09,0,9,2024
INC00839,2025-02-27,2025-02-27,09:15:00,Pagamentos,Atm Network,Erro,440,14130.63,Alta,Em Análise,4,CUST4811,-33.85513867471703,-51.173940211362826,2025-02,0,2,2025
INC00840,2025-04-06,2025-04-06,15:53:00,Fraudes,Atm Network,Degradação,30,32798.15,Alta,Aberto,1,CUST5993,-33.81168669376725,-51.14617996085902,2025-04,0,4,2025
INC00841,2024-01-10,2024-01-10,09:24:00,Fraudes,Mobile App,Fraude,221,22377.73,Crítica,Fechado,3,CUST6142,-33.802944748511486,-51.146712632083855,2024-01,0,1,2024
INC00842,2025-04-29,2025-04-29,12:05:00,Investimentos,Web Portal,Indisponibilidade,158,3752.8,Alta,Aberto,0,CUST7862,-33.85754278981596,-51.136237356505376,2025-04,0,4,2025
INC00843,2024-05-09,2024-05-09,11:08:00,Investimentos,Atm Network,Degradação,158,5157.48,Alta,Fechado,3,CUST7533,-33.81651973320455,-51.16961464191318,2024-05,0,5,2024
INC00844,2025-12-02,2025-12-02,12:35:00,Pagamentos,Atm Network,Roubo,178,52496.46,Média,Em Análise,4,CUST8526,-33.89466510054501,-51.14594707489111,2025-12,1,12,2025
INC00845,2024-04-18,2024-04-18,23:42:00,Pagamentos,Web Portal,Degradação,96,17599.15,Baixa,Em Análise,2,CUST3978,-33.81524259702097,-51.18102132225655,2024-04,0,4,2024
INC00846,2024-10-29,2024-10-29,19:17:00,Cartões,Payment Gateway,Fraude,437,34291.2,Baixa,Fechado,3,CUST6347,-33.83704896778473,-51.18131277855966,2024-10,0,10,2024
INC00847,2024-03-03,2024-03-03,10:56:00,Cartões,Web Portal,Degradação,342,15698.27,Média,Fechado,1,CUST8933,-33.85112938316084,-51.14234360365774,2024-03,0,3,2024
INC00848,2025-12-28,2025-12-28,20:03:00,Investimentos,Mobile App,Indisponibilidade,185,33033.5,Crítica,Fechado,0,CUST5595,-33.81100362948627,-51.131452741495465,2025-12,0,12,2025
INC00849,2025-01-01,2025-01-01,17:32:00,Canais Digitais,Payment Gateway,Indisponibilidade,135,12368.92,Média,Fechado,1,CUST7211,-33.81546627774936,-51.187960003331874,2025-01,0,1,2025
INC00850,2025-03-10,2025-03-10,06:05:00,Canais Digitais,Core Banking,Roubo,454,7858.09,Alta,Fechado,1,CUST3170,-33.87030549040464,-51.18772100980958,2025-03,0,3,2025
INC00851,2024-02-18,2024-02-18,14:17:00,Investimentos,Web Portal,Erro,302,23811.13,Alta,Fechado,3,CUST9527,-33.820851161765525,-51.14346973085396,2024-02,0,2,2024
INC00852,2025-07-01,2025-07-01,23:10:00,Cartões,Mobile App,Fraude,279,52891.34,Baixa,Em Análise,0,CUST4021,-33.89005090663376,-51.17299042477164,2025-07,1,7,2025
INC00853,2024-06-02,2024-06-02,19:23:00,Cartões,Payment Gateway,Fraude,277,12099.05,Baixa,Fechado,2,CUST9970,-33.817723606453264,-51.16076008977589,2024-06,0,6,2024
INC00854,2025-10-17,2025-10-17,14:47:00,Canais Digitais,Web Portal,Erro,421,6237.09,Baixa,Resolvido,1,CUST8836,-33.83245443819767,-51.15992515523524,2025-10,0,10,2025
INC00855,2024-05-29,2024-05-29,06:20:00,Crédito,Atm Network,Indisponibilidade,80,47456.76,Baixa,Em Análise,0,CUST2185,-33.891213366906804,-51.18214471407151,2024-05,1,5,2024
INC00856,2024-05-19,2024-05-19,09:25:00,Crédito,Web Portal,Indisponibilidade,181,3444.59,Média,Aberto,2,CUST4285,-33.831691982652586,-51.19986853665694,2024-05,0,5,2024
INC00857,2024-01-27,2024-01-27,11:55:00,Cartões,Core Banking,Degradação,188,5725.01,Crítica,Em Análise,1,CUST4447,-33.84194807233236,-51.1146848190031,2024-01,0,1,2024
INC00858,2024-12-10,2024-12-10,13:56:00,Crédito,Web Portal,Roubo,323,5821.84,Média,Aberto,0,CUST4991,-33.840544989885494,-51.12849980311023,2024-12,0,12,2024
INC00859,2025-02-16,2025-02-16,04:57:00,Fraudes,Payment Gateway,Roubo,135,29307.94,Baixa,Aberto,3,CUST5899,-33.87091360648703,-51.13094614418844,2025-02,0,2,2025
INC00860,2024-02-17,2024-02-17,20:17:00,Investimentos,Payment Gateway,Roubo,367,45732.75,Baixa,Resolvido,1,CUST2935,-33.87335027999871,-51.14534948618867,2024-02,1,2,2024
INC00861,2025-07-20,2025-07-20,04:02:00,Investimentos,Web Portal,Degradação,53,29089.66,Baixa,Fechado,1,CUST9825,-33.8237464887946,-51.12990303454219,2025-07,0,7,2025
INC00862,2024-11-26,2024-11-26,22:25:00,Cartões,Payment Gateway,Roubo,59,13799.61,Média,Fechado,0,CUST2285,-33.87431865189827,-51.10643116224524,2024-11,0,11,2024
INC00863,2025-01-17,2025-01-17,04:23:00,Pagamentos,Atm Network,Erro,158,21490.85,Baixa,Em Análise,1,CUST9545,-33.85537377481901,-51.13343262637707,2025-01,0,1,2025
INC00864,2024-11-17,2024-11-17,16:18:00,Canais Digitais,Web Portal,Degradação,359,22889.43,Baixa,Fechado,2,CUST8479,-33.83052110014012,-51.17349085980726,2024-11,0,11,2024
INC00865,2024-10-19,2024-10-19,18:24:00,Cartões,Atm Network,Erro,204,28774.0,Baixa,Resolvido,1,CUST6255,-33.892038374867255,-51.14294399482591,2024-10,0,10,2024
INC00866,2025-02-12,2025-02-12,20:11:00,Crédito,Atm Network,Degradação,312,27889.12,Baixa,Em Análise,4,CUST2885,-33.84054516173883,-51.15576755966338,2025-02,0,2,2025
INC00867,2024-04-23,2024-04-23,08:32:00,Canais Digitais,Mobile App,Roubo,360,43111.03,Alta,Em Análise,2,CUST6062,-33.84106236273519,-51.14435808688879,2024-04,1,4,2024
INC00868,2024-05-12,2024-05-12,17:52:00,Pagamentos,Web Portal,Erro,377,9984.24,Baixa,Em Análise,0,CUST8066,-33.83157712891119,-51.14823895225872,2024-05,0,5,2024
INC00869,2025-09-21,2025-09-21,03:41:00,Crédito,Payment Gateway,Erro,122,28908.99,Baixa,Fechado,2,CUST4022,-33.86300719046943,-51.11412247147715,2025-09,0,9,2025
INC00870,2025-11-21,2025-11-21,06:21:00,Fraudes,Atm Network,Erro,267,11864.42,Baixa,Fechado,4,CUST6265,-33.85510202259361,-51.13481998966189,2025-11,0,11,2025
INC00871,2024-09-29,2024-09-29,22:32:00,Crédito,Mobile App,Degradação,50,26431.06,Baixa,Fechado,4,CUST2547,-33.86700306860553,-51.18112415220659,2024-09,0,9,2024
INC00872,2024-07-16,2024-07-16,16:23:00,Fraudes,Web Portal,Fraude,306,19814.35,Média,Em Análise,1,CUST5204,-33.81918317528112,-51.19369832211247,2024-07,0,7,2024
INC00873,2025-04-15,2025-04-15,01:27:00,Canais Digitais,Web Portal,Roubo,360,10862.4,Média,Em Análise,1,CUST8590,-33.88693892399638,-51.15756362113187,2025-04,0,4,2025
INC00874,2024-10-25,2024-10-25,10:40:00,Fraudes,Core Banking,Erro,404,14715.28,Baixa,Aberto,3,CUST2368,-33.80370460464246,-51.19843893777423,2024-10,0,10,2024
INC00875,2024-01-19,2024-01-19,06:21:00,Canais Digitais,Core Banking,Fraude,412,6151.92,Média,Aberto,2,CUST2757,-33.836516384402074,-51.16817026141667,2024-01,0,1,2024
INC00876,2024-04-23,2024-04-23,16:16:00,Canais Digitais,Atm Network,Roubo,193,2754.97,Baixa,Fechado,3,CUST5917,-33.81130932756078,-51.16319785305608,2024-04,0,4,2024
INC00877,2025-06-06,2025-06-06,01:05:00,Canais Digitais,Core Banking,Roubo,314,13665.12,Média,Em Análise,4,CUST4484,-33.85737685417352,-51.16244111259901,2025-06,0,6,2025
INC00878,2025-04-26,2025-04-26,13:05:00,Canais Digitais,Atm Network,Erro,322,63425.77,Baixa,Fechado,1,CUST4052,-33.8667720929608,-51.10206499756761,2025-04,1,4,2025
INC00879,2024-01-20,2024-01-20,01:00:00,Canais Digitais,Payment Gateway,Erro,133,2765.86,Baixa,Fechado,1,CUST9382,-33.8099274189876,-51.169609912302754,2024-01,0,1,2024
INC00880,2024-06-11,2024-06-11,09:20:00,Crédito,Atm Network,Degradação,53,57927.89,Média,Aberto,1,CUST1932,-33.89011269711237,-51.17347725046214,2024-06,1,6,2024
INC00881,2024-06-17,2024-06-17,04:01:00,Canais Digitais,Core Banking,Fraude,29,7201.51,Alta,Resolvido,0,CUST5237,-33.88828927684947,-51.18706190689325,2024-06,0,6,2024
INC00882,2025-05-05,2025-05-05,21:47:00,Crédito,Payment Gateway,Fraude,270,4376.82,Média,Fechado,4,CUST8240,-33.87006532235153,-51.14889911643174,2025-05,0,5,2025
INC00883,2024-01-15,2024-01-15,01:09:00,Canais Digitais,Core Banking,Erro,122,10014.68,Baixa,Resolvido,1,CUST4238,-33.80402250182337,-51.18463256937864,2024-01,0,1,2024
INC00884,2024-03-16,2024-03-16,01:15:00,Fraudes,Atm Network,Roubo,468,14511.87,Baixa,Resolvido,4,CUST1565,-33.836693139013484,-51.13837052872693,2024-03,0,3,2024
INC00885,2025-08-06,2025-08-06,15:50:00,Canais Digitais,Mobile App,Erro,148,16995.3,Crítica,Em Análise,1,CUST6378,-33.844580630338456,-51.18448402210617,2025-08,0,8,2025
INC00886,2024-05-10,2024-05-10,06:21:00,Pagamentos,Web Portal,Roubo,446,2387.34,Baixa,Em Análise,2,CUST6558,-33.829464366364455,-51.14233266822408,2024-05,0,5,2024
INC00887,2025-04-21,2025-04-21,11:23:00,Canais Digitais,Core Banking,Roubo,204,12390.12,Baixa,Fechado,4,CUST1743,-33.85825254439218,-51.117373076082536,2025-04,0,4,2025
INC00888,2024-06-22,2024-06-22,14:39:00,Canais Digitais,Atm Network,Erro,161,2521.3,Baixa,Aberto,3,CUST9864,-33.82419264985792,-51.19574753664809,2024-06,0,6,2024
INC00889,2024-03-13,2024-03-13,05:59:00,Fraudes,Payment Gateway,Indisponibilidade,352,19404.28,Baixa,Aberto,0,CUST9722,-33.86067693020271,-51.15802530250818,2024-03,0,3,2024
INC00890,2024-06-26,2024-06-26,09:34:00,Investimentos,Core Banking,Fraude,138,47790.53,Baixa,Fechado,3,CUST6409,-33.81736368151435,-51.15389510327812,2024-06,1,6,2024
INC00891,2025-06-11,2025-06-11,18:48:00,Fraudes,Core Banking,Roubo,404,15229.97,Baixa,Fechado,4,CUST9753,-33.87327049179235,-51.12089278565219,2025-06,0,6,2025
INC00892,2025-09-16,2025-09-16,06:20:00,Pagamentos,Web Portal,Roubo,152,6088.27,Baixa,Aberto,1,CUST6629,-33.87224533407019,-51.15320843680545,2025-09,0,9,2025
INC00893,2025-08-29,2025-08-29,19:25:00,Investimentos,Atm Network,Indisponibilidade,340,5672.47,Alta,Resolvido,4,CUST7318,-33.84776166945733,-51.14324642135437,2025-08,0,8,2025
INC00894,2024-10-16,2024-10-16,03:45:00,Cartões,Mobile App,Degradação,75,14838.85,Baixa,Fechado,0,CUST1301,-33.85692388416383,-51.1208795746412,2024-10,0,10,2024
INC00895,2025-05-02,2025-05-02,19:21:00,Cartões,Payment Gateway,Indisponibilidade,237,1965.33,Baixa,Resolvido,4,CUST4767,-33.83518841557153,-51.14402415070708,2025-05,0,5,2025
INC00896,2024-05-29,2024-05-29,14:55:00,Pagamentos,Atm Network,Indisponibilidade,338,13712.08,Média,Fechado,1,CUST5280,-33.86357092453264,-51.16417005864805,2024-05,0,5,2024
INC00897,2024-08-01,2024-08-01,07:20:00,Fraudes,Payment Gateway,Roubo,303,14474.5,Média,Fechado,3,CUST8506,-33.876944935092965,-51.191415772237946,2024-08,0,8,2024
INC00898,2025-10-16,2025-10-16,14:21:00,Crédito,Core Banking,Fraude,158,9418.37,Baixa,Resolvido,2,CUST9701,-33.853019143711705,-51.12700843704874,2025-10,0,10,2025
INC00899,2024-01-10,2024-01-10,19:27:00,Pagamentos,Web Portal,Indisponibilidade,94,33638.21,Alta,Resolvido,3,CUST7962,-33.84390435005028,-51.112886184983786,2024-01,0,1,2024
INC00900,2024-03-03,2024-03-03,13:26:00,Investimentos,Web Portal,Degradação,338,9537.14,Baixa,Aberto,1,CUST6429,-33.885739994617026,-51.10299354629799,2024-03,0,3,2024
INC00901,2024-05-31,2024-05-31,08:39:00,Investimentos,Mobile App,Erro,203,21480.04,Alta,Fechado,1,CUST8248,-33.84432813742668,-51.10734001192285,2024-05,0,5,2024
INC00902,2024-01-20,2024-01-20,16:01:00,Canais Digitais,Web Portal,Indisponibilidade,165,22531.63,Baixa,Em Análise,0,CUST4445,-33.868074329475206,-51.12025820911668,2024-01,0,1,2024
INC00903,2024-05-12,2024-05-12,23:02:00,Cartões,Core Banking,Indisponibilidade,30,41750.99,Baixa,Em Análise,4,CUST3203,-33.86075481151315,-51.13565280677543,2024-05,1,5,2024
INC00904,2025-03-01,2025-03-01,07:43:00,Investimentos,Mobile App,Degradação,125,16178.47,Alta,Fechado,4,CUST3834,-33.87206818709367,-51.12185398541694,2025-03,0,3,2025
INC00905,2024-11-03,2024-11-03,00:41:00,Pagamentos,Atm Network,Fraude,305,8559.7,Média,Fechado,3,CUST9986,-33.80685896722069,-51.15679162871479,2024-11,0,11,2024
INC00906,2025-10-13,2025-10-13,19:34:00,Investimentos,Web Portal,Indisponibilidade,216,18161.13,Baixa,Fechado,2,CUST3479,-33.831666371871975,-51.14052237852092,2025-10,0,10,2025
INC00907,2025-08-19,2025-08-19,05:38:00,Pagamentos,Mobile App,Indisponibilidade,67,30324.62,Baixa,Resolvido,2,CUST5856,-33.87375396885993,-51.165130019086085,2025-08,0,8,2025
INC00908,2024-09-06,2024-09-06,19:22:00,Crédito,Core Banking,Fraude,455,30440.31,Baixa,Em Análise,0,CUST1434,-33.8354968665448,-51.167329078501965,2024-09,0,9,2024
INC00909,2024-07-08,2024-07-08,17:42:00,Canais Digitais,Payment Gateway,Degradação,440,28196.2,Média,Em Análise,1,CUST2706,-33.81514275904179,-51.1243308226724,2024-07,0,7,2024
INC00910,2024-10-04,2024-10-04,18:04:00,Cartões,Payment Gateway,Indisponibilidade,72,10279.37,Baixa,Em Análise,0,CUST9260,-33.85983697916672,-51.154606721769646,2024-10,0,10,2024
INC00911,2025-03-06,2025-03-06,18:10:00,Investimentos,Core Banking,Fraude,257,17869.22,Baixa,Fechado,4,CUST6725,-33.81700424908438,-51.1787838737069,2025-03,0,3,2025
INC00912,2024-07-14,2024-07-14,23:11:00,Pagamentos,Core Banking,Indisponibilidade,414,16852.23,Baixa,Resolvido,1,CUST2904,-33.884558505566,-51.179806183805816,2024-07,0,7,2024
INC00913,2025-03-31,2025-03-31,09:07:00,Fraudes,Payment Gateway,Erro,463,33001.36,Média,Fechado,0,CUST8018,-33.817721863513384,-51.11408276384301,2025-03,0,3,2025
INC00914,2024-10-25,2024-10-25,23:59:00,Cartões,Mobile App,Roubo,6,5400.72,Alta,Aberto,3,CUST4959,-33.845970575732764,-51.13222395056373,2024-10,0,10,2024
INC00915,2025-02-06,2025-02-06,08:35:00,Crédito,Payment Gateway,Erro,402,27867.44,Média,Aberto,4,CUST7825,-33.877702551199,-51.14539539266419,2025-02,0,2,2025
INC00916,2024-11-14,2024-11-14,04:20:00,Pagamentos,Core Banking,Indisponibilidade,112,20372.94,Baixa,Em Análise,2,CUST7347,-33.85928586154441,-51.159906126400365,2024-11,0,11,2024
INC00917,2024-08-02,2024-08-02,07:54:00,Canais Digitais,Web Portal,Degradação,290,79661.43,Alta,Fechado,0,CUST7156,-33.80120070075534,-51.15691826092129,2024-08,1,8,2024
INC00918,2025-11-23,2025-11-23,08:46:00,Canais Digitais,Atm Network,Roubo,53,33228.77,Média,Aberto,4,CUST3713,-33.82164439833576,-51.194256480580506,2025-11,0,11,2025
INC00919,2025-07-11,2025-07-11,14:47:00,Crédito,Web Portal,Erro,144,7562.47,Alta,Aberto,4,CUST7194,-33.842491363861484,-51.15450898551322,2025-07,0,7,2025
INC00920,2024-04-12,2024-04-12,13:39:00,Crédito,Web Portal,Fraude,222,16404.53,Baixa,Fechado,2,CUST7512,-33.888483608809544,-51.12045450893779,2024-04,0,4,2024
INC00921,2025-09-25,2025-09-25,17:41:00,Canais Digitais,Core Banking,Degradação,48,22026.51,Baixa,Resolvido,2,CUST7867,-33.85821884170985,-51.16120135199047,2025-09,0,9,2025
INC00922,2024-12-21,2024-12-21,19:05:00,Investimentos,Payment Gateway,Erro,421,10605.6,Média,Fechado,2,CUST4727,-33.8736948485988,-51.16164187474568,2024-12,0,12,2024
INC00923,2025-10-15,2025-10-15,11:01:00,Investimentos,Mobile App,Fraude,273,10875.99,Baixa,Fechado,0,CUST4546,-33.892899892049456,-51.19842834169808,2025-10,0,10,2025
INC00924,2025-08-06,2025-08-06,06:15:00,Pagamentos,Web Portal,Indisponibilidade,82,34480.18,Média,Resolvido,2,CUST3303,-33.84577956112807,-51.15421647374419,2025-08,0,8,2025
INC00925,2024-11-06,2024-11-06,02:44:00,Fraudes,Payment Gateway,Fraude,220,10130.95,Alta,Em Análise,3,CUST4681,-33.81108143001591,-51.1974662347052,2024-11,0,11,2024
INC00926,2024-01-17,2024-01-17,02:26:00,Pagamentos,Mobile App,Erro,386,59868.73,Alta,Em Análise,4,CUST8852,-33.832440013182584,-51.14296505719913,2024-01,1,1,2024
INC00927,2024-07-15,2024-07-15,17:42:00,Fraudes,Web Portal,Erro,102,14740.27,Crítica,Em Análise,2,CUST4221,-33.87503196120195,-51.14932166184177,2024-07,0,7,2024
INC00928,2025-01-30,2025-01-30,07:37:00,Crédito,Mobile App,Indisponibilidade,240,1933.6,Média,Resolvido,4,CUST5374,-33.842641539304616,-51.115999150107605,2025-01,0,1,2025
INC00929,2025-04-07,2025-04-07,00:27:00,Cartões,Payment Gateway,Fraude,286,13173.05,Baixa,Aberto,1,CUST2082,-33.8056765716653,-51.14182193890743,2025-04,0,4,2025
INC00930,2024-07-07,2024-07-07,00:54:00,Pagamentos,Atm Network,Fraude,153,13455.13,Baixa,Resolvido,1,CUST9637,-33.82770849470771,-51.16765726446778,2024-07,0,7,2024
INC00931,2024-04-11,2024-04-11,07:36:00,Pagamentos,Payment Gateway,Indisponibilidade,416,20840.15,Baixa,Fechado,2,CUST2592,-33.831052610059324,-51.14837689905831,2024-04,0,4,2024
INC00932,2025-09-01,2025-09-01,15:42:00,Fraudes,Core Banking,Fraude,308,11503.87,Média,Resolvido,4,CUST6608,-33.80318418337725,-51.13002936442501,2025-09,0,9,2025
INC00933,2025-12-19,2025-12-19,04:03:00,Crédito,Mobile App,Indisponibilidade,428,12794.84,Baixa,Aberto,1,CUST6526,-33.82011266888159,-51.190603620458965,2025-12,0,12,2025
INC00934,2025-01-18,2025-01-18,05:45:00,Crédito,Atm Network,Degradação,70,24538.26,Baixa,Aberto,2,CUST6179,-33.886337645690126,-51.13789259115296,2025-01,0,1,2025
INC00935,2024-05-05,2024-05-05,21:18:00,Fraudes,Mobile App,Erro,238,31283.01,Média,Fechado,4,CUST7472,-33.865236491302376,-51.1083373718022,2024-05,0,5,2024
INC00936,2024-07-17,2024-07-17,08:11:00,Crédito,Mobile App,Degradação,461,7486.84,Média,Em Análise,2,CUST3775,-33.803485929926225,-51.17008697043688,2024-07,0,7,2024
INC00937,2024-01-14,2024-01-14,10:45:00,Canais Digitais,Web Portal,Roubo,91,15599.13,Crítica,Aberto,4,CUST2590,-33.8510294605802,-51.13733749051236,2024-01,0,1,2024
INC00938,2025-10-29,2025-10-29,22:15:00,Investimentos,Core Banking,Roubo,83,2281.32,Média,Aberto,1,CUST7004,-33.88883625546788,-51.117867054964975,2025-10,0,10,2025
INC00939,2024-03-26,2024-03-26,00:44:00,Canais Digitais,Mobile App,Roubo,209,26274.39,Média,Aberto,2,CUST8230,-33.854139512032766,-51.14881936025614,2024-03,0,3,2024
INC00940,2025-02-24,2025-02-24,22:52:00,Cartões,Payment Gateway,Indisponibilidade,283,15238.14,Média,Fechado,1,CUST3231,-33.83030067659292,-51.12820204659796,2025-02,0,2,2025
INC00941,2024-07-19,2024-07-19,20:29:00,Pagamentos,Payment Gateway,Fraude,341,13402.3,Crítica,Aberto,2,CUST6118,-33.80024517783188,-51.16889896615108,2024-07,0,7,2024
INC00942,2025-02-08,2025-02-08,12:33:00,Cartões,Web Portal,Degradação,258,19281.78,Média,Em Análise,0,CUST7454,-33.86760946834368,-51.16939415470749,2025-02,0,2,2025
INC00943,2025-04-20,2025-04-20,03:27:00,Pagamentos,Core Banking,Degradação,308,17012.07,Alta,Fechado,1,CUST8960,-33.84859131251207,-51.13324159782015,2025-04,0,4,2025
INC00944,2025-08-28,2025-08-28,05:57:00,Investimentos,Core Banking,Degradação,384,13451.96,Alta,Em Análise,1,CUST2561,-33.81203192953502,-51.12945911260265,2025-08,0,8,2025
INC00945,2024-05-30,2024-05-30,22:26:00,Crédito,Payment Gateway,Degradação,134,23954.96,Alta,Aberto,3,CUST4646,-33.86447327819427,-51.10629903004879,2024-05,0,5,2024
INC00946,2024-01-09,2024-01-09,04:24:00,Canais Digitais,Atm Network,Roubo,88,17232.7,Baixa,Aberto,1,CUST8596,-33.88907384434091,-51.177516142528205,2024-01,0,1,2024
INC00947,2024-04-09,2024-04-09,02:32:00,Fraudes,Web Portal,Degradação,280,65049.85,Baixa,Em Análise,4,CUST8240,-33.805106412499846,-51.153178240391206,2024-04,1,4,2024
INC00948,2025-10-19,2025-10-19,03:24:00,Canais Digitais,Web Portal,Fraude,191,44142.72,Baixa,Fechado,2,CUST5942,-33.85115591932865,-51.17494865268361,2025-10,1,10,2025
INC00949,2025-09-29,2025-09-29,19:33:00,Investimentos,Payment Gateway,Roubo,50,25778.39,Baixa,Fechado,0,CUST4238,-33.8497216289228,-51.191990783911976,2025-09,0,9,2025
INC00950,2025-03-12,2025-03-12,04:34:00,Cartões,Payment Gateway,Degradação,391,12687.5,Baixa,Em Análise,4,CUST2600,-33.83787998553958,-51.159676947205256,2025-03,0,3,2025
INC00951,2025-03-14,2025-03-14,08:51:00,Fraudes,Atm Network,Indisponibilidade,187,7785.92,Baixa,Aberto,4,CUST6700,-33.89964633762968,-51.16259192527118,2025-03,0,3,2025
INC00952,2025-04-30,2025-04-30,05:49:00,Crédito,Atm Network,Erro,272,24102.98,Baixa,Resolvido,4,CUST7071,-33.80688688244311,-51.17295658800178,2025-04,0,4,2025
INC00953,2024-05-08,2024-05-08,05:18:00,Investimentos,Core Banking,Erro,300,47444.53,Média,Em Análise,4,CUST1709,-33.86385489152254,-51.17030051088606,2024-05,1,5,2024
INC00954,2025-10-29,2025-10-29,11:56:00,Fraudes,Web Portal,Erro,326,29766.76,Média,Em Análise,0,CUST3971,-33.86030681376156,-51.16395881936487,2025-10,0,10,2025
INC00955,2024-11-01,2024-11-01,10:01:00,Investimentos,Web Portal,Roubo,104,83817.46,Baixa,Em Análise,3,CUST1793,-33.88258907524668,-51.10111623672199,2024-11,1,11,2024
INC00956,2024-10-06,2024-10-06,14:43:00,Investimentos,Payment Gateway,Degradação,82,3579.5,Média,Aberto,1,CUST4099,-33.86218483867075,-51.12170422340327,2024-10,0,10,2024
INC00957,2025-01-13,2025-01-13,11:08:00,Crédito,Core Banking,Roubo,276,38108.6,Média,Fechado,4,CUST7030,-33.81960564692239,-51.19285987989131,2025-01,0,1,2025
INC00958,2024-02-04,2024-02-04,20:23:00,Pagamentos,Web Portal,Fraude,343,13978.44,Média,Aberto,1,CUST6765,-33.82000083274444,-51.11275868235133,2024-02,0,2,2024
INC00959,2024-05-01,2024-05-01,01:21:00,Fraudes,Core Banking,Indisponibilidade,166,9863.18,Alta,Em Análise,1,CUST1026,-33.80642031591045,-51.13666966736014,2024-05,0,5,2024
INC00960,2025-06-22,2025-06-22,02:11:00,Crédito,Core Banking,Indisponibilidade,48,33140.99,Baixa,Aberto,4,CUST7693,-33.85967705273192,-51.11094062398781,2025-06,0,6,2025
INC00961,2024-03-01,2024-03-01,15:20:00,Investimentos,Payment Gateway,Erro,242,10544.98,Baixa,Aberto,3,CUST6322,-33.82912784962514,-51.16582903128698,2024-03,0,3,2024
INC00962,2025-03-16,2025-03-16,23:25:00,Crédito,Core Banking,Erro,138,13237.4,Baixa,Em Análise,1,CUST9276,-33.84927624447924,-51.15354811351883,2025-03,0,3,2025
INC00963,2024-06-28,2024-06-28,00:20:00,Pagamentos,Atm Network,Erro,465,18913.56,Baixa,Aberto,2,CUST6951,-33.81959772104808,-51.11037729426919,2024-06,0,6,2024
INC00964,2024-10-11,2024-10-11,02:51:00,Canais Digitais,Atm Network,Degradação,196,31971.95,Média,Resolvido,1,CUST4101,-33.8287457990867,-51.17274268640863,2024-10,0,10,2024
INC00965,2024-07-29,2024-07-29,01:40:00,Fraudes,Mobile App,Fraude,360,15055.4,Baixa,Aberto,4,CUST7609,-33.86320970747137,-51.10844991237546,2024-07,0,7,2024
INC00966,2024-09-16,2024-09-16,18:46:00,Pagamentos,Payment Gateway,Fraude,282,19518.82,Baixa,Aberto,0,CUST6309,-33.86633261657463,-51.11715002878557,2024-09,0,9,2024
INC00967,2025-06-08,2025-06-08,17:57:00,Cartões,Mobile App,Fraude,22,10423.02,Baixa,Fechado,1,CUST1011,-33.8747557536972,-51.10194420590907,2025-06,0,6,2025
INC00968,2024-08-04,2024-08-04,10:56:00,Fraudes,Atm Network,Fraude,16,17649.66,Baixa,Fechado,3,CUST8770,-33.84234842095113,-51.16757424129837,2024-08,0,8,2024
INC00969,2025-02-17,2025-02-17,22:47:00,Pagamentos,Mobile App,Erro,184,33917.28,Média,Em Análise,2,CUST6413,-33.80361571484061,-51.17642468199952,2025-02,0,2,2025
INC00970,2024-12-13,2024-12-13,21:16:00,Investimentos,Payment Gateway,Indisponibilidade,127,27088.3,Média,Em Análise,2,CUST6774,-33.87999332623824,-51.16691331029543,2024-12,0,12,2024
INC00971,2025-04-29,2025-04-29,04:43:00,Fraudes,Payment Gateway,Erro,250,19145.59,Baixa,Fechado,0,CUST1179,-33.89047475450957,-51.10453502040113,2025-04,0,4,2025
INC00972,2025-11-14,2025-11-14,10:29:00,Fraudes,Core Banking,Fraude,226,10440.01,Baixa,Resolvido,0,CUST1796,-33.88805993579237,-51.16669267039471,2025-11,0,11,2025
INC00973,2025-06-18,2025-06-18,14:26:00,Crédito,Web Portal,Erro,377,4947.5,Baixa,Aberto,1,CUST8279,-33.82169013237498,-51.14347881800428,2025-06,0,6,2025
INC00974,2024-06-05,2024-06-05,02:32:00,Investimentos,Core Banking,Fraude,55,39909.7,Baixa,Resolvido,4,CUST8188,-33.864989519571544,-51.15963207174135,2024-06,1,6,2024
INC00975,2024-01-23,2024-01-23,19:15:00,Cartões,Payment Gateway,Roubo,75,4180.4,Alta,Resolvido,3,CUST8312,-33.87756331723076,-51.16037798555183,2024-01,0,1,2024
INC00976,2024-07-10,2024-07-10,01:01:00,Canais Digitais,Atm Network,Indisponibilidade,52,31212.98,Baixa,Fechado,2,CUST3024,-33.864715588162646,-51.1806621390121,2024-07,0,7,2024
INC00977,2025-03-10,2025-03-10,02:39:00,Pagamentos,Atm Network,Roubo,23,15131.52,Média,Em Análise,0,CUST8666,-33.835466918717046,-51.14629204592024,2025-03,0,3,2025
INC00978,2024-02-07,2024-02-07,23:27:00,Crédito,Core Banking,Degradação,266,14031.34,Alta,Aberto,3,CUST4217,-33.84532128751717,-51.11505957450328,2024-02,0,2,2024
INC00979,2024-12-28,2024-12-28,14:38:00,Pagamentos,Payment Gateway,Erro,88,6152.23,Baixa,Em Análise,4,CUST7584,-33.82564105934787,-51.19505149864462,2024-12,0,12,2024
INC00980,2025-03-11,2025-03-11,05:08:00,Cartões,Atm Network,Degradação,159,13013.92,Baixa,Resolvido,2,CUST6285,-33.86609258515182,-51.111077340633656,2025-03,0,3,2025
INC00981,2024-08-31,2024-08-31,19:59:00,Cartões,Payment Gateway,Erro,57,7269.66,Crítica,Resolvido,2,CUST8370,-33.85479714265353,-51.13345270348627,2024-08,0,8,2024
INC00982,2025-07-16,2025-07-16,00:07:00,Fraudes,Atm Network,Roubo,111,20297.98,Alta,Em Análise,4,CUST2519,-33.88980316310371,-51.13832619194251,2025-07,0,7,2025
INC00983,2024-03-18,2024-03-18,22:22:00,Cartões,Payment Gateway,Fraude,361,24896.82,Baixa,Em Análise,2,CUST7611,-33.892694135396724,-51.1374099767076,2024-03,0,3,2024
INC00984,2024-02-24,2024-02-24,02:03:00,Pagamentos,Mobile App,Fraude,308,4463.11,Média,Fechado,4,CUST7856,-33.85377447571559,-51.17037301640456,2024-02,0,2,2024
INC00985,2025-06-15,2025-06-15,14:37:00,Investimentos,Payment Gateway,Erro,139,25503.09,Alta,Em Análise,2,CUST3432,-33.869840339255404,-51.158485549613175,2025-06,0,6,2025
INC00986,2024-12-27,2024-12-27,14:20:00,Investimentos,Payment Gateway,Fraude,447,28557.18,Baixa,Em Análise,1,CUST7457,-33.83871994278638,-51.12007099940958,2024-12,0,12,2024
INC00987,2025-05-17,2025-05-17,02:56:00,Fraudes,Core Banking,Roubo,73,18910.0,Alta,Fechado,4,CUST5866,-33.89569978345554,-51.16936189630638,2025-05,0,5,2025
INC00988,2024-11-13,2024-11-13,20:52:00,Canais Digitais,Mobile App,Fraude,15,7697.88,Baixa,Em Análise,3,CUST6054,-33.88782336224004,-51.15299797904273,2024-11,0,11,2024
INC00989,2024-06-28,2024-06-28,13:51:00,Pagamentos,Web Portal,Roubo,147,39473.33,Média,Resolvido,1,CUST3070,-33.81348091888936,-51.19803677286124,2024-06,1,6,2024
INC00990,2025-08-20,2025-08-20,13:35:00,Pagamentos,Core Banking,Degradação,196,17129.48,Crítica,Em Análise,3,CUST2781,-33.84336883784809,-51.12664416470645,2025-08,0,8,2025
INC00991,2025-08-06,2025-08-06,11:16:00,Cartões,Web Portal,Roubo,391,45236.6,Alta,Aberto,2,CUST9530,-33.828794546630874,-51.15822978233214,2025-08,1,8,2025
INC00992,2025-05-22,2025-05-22,06:08:00,Pagamentos,Atm Network,Indisponibilidade,382,34059.51,Baixa,Resolvido,3,CUST2516,-33.81580278812927,-51.147464123152645,2025-05,0,5,2025
INC00993,2024-07-17,2024-07-17,02:59:00,Crédito,Web Portal,Indisponibilidade,73,19727.8,Baixa,Fechado,1,CUST6491,-33.85361656570499,-51.18853106821893,2024-07,0,7,2024
INC00994,2025-03-06,2025-03-06,12:14:00,Canais Digitais,Payment Gateway,Indisponibilidade,27,10708.05,Média,Resolvido,4,CUST6949,-33.82389396160325,-51.100828577121256,2025-03,0,3,2025
INC00995,2024-09-20,2024-09-20,17:50:00,Cartões,Web Portal,Erro,185,6834.13,Média,Fechado,0,CUST4290,-33.84754144209265,-51.16975321730152,2024-09,0,9,2024
INC00996,2024-03-07,2024-03-07,00:05:00,Crédito,Core Banking,Erro,297,28744.46,Média,Aberto,3,CUST5570,-33.87772512297263,-51.136501033840354,2024-03,0,3,2024
INC00997,2025-10-31,2025-10-31,22:58:00,Fraudes,Core Banking,Erro,13,5255.81,Crítica,Aberto,0,CUST2379,-33.8662343831199,-51.14187636551456,2025-10,0,10,2025
INC00998,2024-04-09,2024-04-09,01:55:00,Investimentos,Web Portal,Roubo,275,11556.04,Alta,Resolvido,3,CUST8670,-33.85096495589443,-51.12149077960751,2024-04,0,4,2024
INC00999,2025-11-24,2025-11-24,13:37:00,Fraudes,Core Banking,Erro,391,17294.72,Baixa,Em Análise,3,CUST1800,-33.86831144478277,-51.17061630443781,2025-11,0,11,2025
INC01000,2024-11-21,2024-11-21,13:35:00,Investimentos,Core Banking,Degradação,97,36682.4,Baixa,Resolvido,4,CUST6267,-33.866447230865006,-51.12440726550028,2024-11,0,11,2024
